Aland Islands,1991,x,x,x,x,x,x,x,x,x,x,8.0
Aland Islands,1992,x,x,x,x,x,x,x,x,x,x,9.0
Aland Islands,1993,x,x,x,x,x,x,x,x,x,x,3.0
Aland Islands,1994,x,x,x,x,x,x,x,x,x,x,7.0
Aland Islands,1995,x,x,x,x,x,x,x,x,x,x,3.0
Aland Islands,1996,x,x,x,x,x,x,x,x,x,x,0.0
Aland Islands,1997,x,x,x,x,x,x,x,x,x,x,5.0
Aland Islands,1998,x,x,x,x,x,x,x,x,x,x,3.0
Aland Islands,1999,x,x,x,x,x,x,x,x,x,x,4.0
Aland Islands,2000,x,x,x,x,x,x,x,x,x,x,5.0
Aland Islands,2001,x,x,x,x,x,x,x,x,x,x,4.0
Aland Islands,2002,x,x,x,x,x,x,x,x,x,x,3.0
Aland Islands,2003,x,x,x,x,x,x,x,x,x,x,3.0
Aland Islands,2004,x,x,x,x,x,x,x,x,x,x,3.0
Aland Islands,2005,x,x,x,x,x,x,x,x,x,x,5.0
Albania,1985,x,x,x,x,x,x,x,x,x,x,2453.0
Albania,1986,x,x,x,x,x,x,x,x,x,x,2409.0
Albania,1987,x,x,x,x,x,x,x,x,x,x,2371.0
Albania,1988,x,x,x,x,x,x,x,x,x,x,2406.0
Albania,1989,x,x,x,x,x,x,x,x,x,x,2404.0
Albania,1990,x,x,x,x,x,x,x,x,x,x,2373.0
Albania,1991,x,x,x,x,x,x,x,x,x,x,2264.0
Albania,1992,x,x,x,x,x,x,x,x,x,x,2474.0
Albania,1993,x,x,x,x,x,x,x,x,x,x,2573.74
Albania,1994,x,x,x,x,x,x,x,x,x,x,3154.222
Albania,1995,x,x,x,x,x,x,x,x,x,x,3438.263
Albania,1996,x,x,x,x,x,x,x,x,x,x,3479.422
Albania,1997,x,x,x,x,x,x,x,x,x,x,3005.453
Albania,1998,x,x,x,x,x,x,x,x,x,x,2768.0
Albania,1999,x,x,x,x,x,x,x,x,x,x,2536.0
Albania,2000,x,x,x,x,x,x,x,x,x,x,2502.0
Albania,2001,x,x,x,x,x,x,x,x,x,x,1209.0
Albania,2003,x,x,x,x,x,x,x,x,x,x,2534.0
Albania,2004,x,x,x,x,x,x,x,x,x,x,2249.0
Albania,2005,x,x,x,x,x,x,x,x,x,x,2513.0
Algeria,1985,x,x,x,x,x,x,x,x,x,x,51476.0
Algeria,1986,x,x,x,x,x,x,x,x,x,x,41659.0
American Samoa,1988,x,x,x,x,x,x,x,x,x,x,117.0
American Samoa,1989,x,x,x,x,x,x,x,x,x,x,120.0
American Samoa,1990,x,x,x,x,x,x,x,x,x,x,138.0
American Samoa,1991,x,x,x,x,x,x,x,x,x,x,139.0
American Samoa,1992,x,x,x,x,x,x,x,x,x,x,117.0
American Samoa,1993,x,x,x,x,x,x,x,x,x,x,139.0
American Samoa,1994,x,x,x,x,x,x,x,x,x,x,142.0
American Samoa,1995,x,x,x,x,x,x,x,x,x,x,125.0
American Samoa,1996,x,x,x,x,x,x,x,x,x,x,116.0
American Samoa,1997,x,x,x,x,x,x,x,x,x,x,124.0
American Samoa,1998,x,x,x,x,x,x,x,x,x,x,128.0
American Samoa,1999,x,x,x,x,x,x,x,x,x,x,142.0
American Samoa,2000,x,x,x,x,x,x,x,x,x,x,142.0
American Samoa,2001,x,x,x,x,x,x,x,x,x,x,125.0
American Samoa,2002,x,x,x,x,x,x,x,x,x,x,125.0
American Samoa,2003,x,x,x,x,x,x,x,x,x,x,111.0
American Samoa,2004,x,x,x,x,x,x,x,x,x,x,130.0
American Samoa,2005,x,x,x,x,x,x,x,x,x,x,101.0
Andorra,2002,x,x,x,x,x,x,x,x,x,x,12.0
Andorra,2003,x,x,x,x,x,x,x,x,x,x,13.0
Andorra,2004,x,x,x,x,x,x,x,x,x,x,9.0
Anguilla,1988,x,x,x,x,x,x,x,x,x,x,34.0
Anguilla,1989,x,x,x,x,x,x,x,x,x,x,33.0
Anguilla,1990,x,x,x,x,x,x,x,x,x,x,22.0
Anguilla,1991,x,x,x,x,x,x,x,x,x,x,30.0
Anguilla,1992,x,x,x,x,x,x,x,x,x,x,19.0
Anguilla,1993,x,x,x,x,x,x,x,x,x,x,25.0
Anguilla,1994,x,x,x,x,x,x,x,x,x,x,23.0
Anguilla,1995,x,x,x,x,x,x,x,x,x,x,18.0
Anguilla,1996,x,x,x,x,x,x,x,x,x,x,23.0
Anguilla,1997,x,x,x,x,x,x,x,x,x,x,24.0
Anguilla,1998,x,x,x,x,x,x,x,x,x,x,27.0
Anguilla,1999,x,x,x,x,x,x,x,x,x,x,29.0
Anguilla,2000,x,x,x,x,x,x,x,x,x,x,37.0
Anguilla,2001,x,x,x,x,x,x,x,x,x,x,30.0
Anguilla,2002,x,x,x,x,x,x,x,x,x,x,23.0
Anguilla,2003,x,x,x,x,x,x,x,x,x,x,25.0
Anguilla,2004,x,x,x,x,x,x,x,x,x,x,26.0
Anguilla,2005,x,x,x,x,x,x,x,x,x,x,24.0
Antigua and Barbuda,1985,x,x,x,x,x,x,x,x,x,x,289.0
Antigua and Barbuda,1986,x,x,x,x,x,x,x,x,x,x,245.0
Antigua and Barbuda,1991,x,x,x,x,x,x,x,x,x,x,196.0
Antigua and Barbuda,1992,x,x,x,x,x,x,x,x,x,x,194.0
Antigua and Barbuda,1993,x,x,x,x,x,x,x,x,x,x,178.0
Antigua and Barbuda,1994,x,x,x,x,x,x,x,x,x,x,184.0
Antigua and Barbuda,1995,x,x,x,x,x,x,x,x,x,x,213.0
Argentina,1985,x,x,x,x,x,x,x,x,x,x,87332.0
Argentina,1986,x,x,x,x,x,x,x,x,x,x,91501.0
Argentina,1987,x,x,x,x,x,x,x,x,x,x,90605.0
Argentina,1988,x,x,x,x,x,x,x,x,x,x,93788.0
Argentina,1989,x,x,x,x,x,x,x,x,x,x,92499.0
Argentina,1990,x,x,x,x,x,x,x,x,x,x,96404.0
Argentina,1991,x,x,x,x,x,x,x,x,x,x,101772.0
Argentina,1992,x,x,x,x,x,x,x,x,x,x,100278.0
Argentina,1993,x,x,x,x,x,x,x,x,x,x,100162.0
Argentina,1994,x,x,x,x,x,x,x,x,x,x,103137.0
Argentina,1995,x,x,x,x,x,x,x,x,x,x,103688.0
Argentina,1996,x,x,x,x,x,x,x,x,x,x,105709.0
Argentina,1997,x,x,x,x,x,x,x,x,x,x,111898.0
Argentina,1998,x,x,x,x,x,x,x,x,x,x,107857.0
Argentina,1999,x,x,x,x,x,x,x,x,x,x,105546.0
Argentina,2000,x,x,x,x,x,x,x,x,x,x,106337.0
Argentina,2001,x,x,x,x,x,x,x,x,x,x,100082.0
Argentina,2002,x,x,x,x,x,x,x,x,x,x,101753.0
Argentina,2003,x,x,x,x,x,x,x,x,x,x,95224.0
Argentina,2004,x,x,x,x,x,x,x,x,x,x,106438.0
Argentina,2005,x,x,x,x,x,x,x,x,x,x,107109.0
Armenia,1985,x,x,x,x,x,x,x,x,x,x,7984.0
Armenia,1986,x,x,x,x,x,x,x,x,x,x,7786.0
Armenia,1987,x,x,x,x,x,x,x,x,x,x,7560.0
Armenia,1988,x,x,x,x,x,x,x,x,x,x,8159.0
Armenia,1989,x,x,x,x,x,x,x,x,x,x,8530.0
Armenia,1990,x,x,x,x,x,x,x,x,x,x,10018.0
Armenia,1991,x,x,x,x,x,x,x,x,x,x,11283.0
Armenia,1992,x,x,x,x,x,x,x,x,x,x,12447.0
Armenia,1993,x,x,x,x,x,x,x,x,x,x,11832.0
Armenia,1994,x,x,x,x,x,x,x,x,x,x,10637.0
Armenia,1995,x,x,x,x,x,x,x,x,x,x,8964.0
Armenia,1996,x,x,x,x,x,x,x,x,x,x,8694.0
Armenia,1997,x,x,x,x,x,x,x,x,x,x,7257.0
Armenia,1998,x,x,x,x,x,x,x,x,x,x,5917.0
Armenia,1999,x,x,x,x,x,x,x,x,x,x,5243.0
Armenia,2000,x,x,x,x,x,x,x,x,x,x,4937.0
Armenia,2002,x,x,x,x,x,x,x,x,x,x,4401.0
Armenia,2003,x,x,x,x,x,x,x,x,x,x,4652.0
Armenia,2004,x,x,x,x,x,x,x,x,x,x,4717.0
Aruba,1992,x,x,x,x,x,x,x,x,x,x,120.0
Aruba,1993,x,x,x,x,x,x,x,x,x,x,123.0
Aruba,1994,x,x,x,x,x,x,x,x,x,x,115.0
Aruba,1995,x,x,x,x,x,x,x,x,x,x,128.0
Aruba,1996,x,x,x,x,x,x,x,x,x,x,128.0
Aruba,1997,x,x,x,x,x,x,x,x,x,x,135.0
Aruba,1998,x,x,x,x,x,x,x,x,x,x,107.0
Aruba,1999,x,x,x,x,x,x,x,x,x,x,128.0
Aruba,2000,x,x,x,x,x,x,x,x,x,x,164.0
Aruba,2001,x,x,x,x,x,x,x,x,x,x,134.0
Aruba,2002,x,x,x,x,x,x,x,x,x,x,118.0
Aruba,2003,x,x,x,x,x,x,x,x,x,x,121.0
Aruba,2004,x,x,x,x,x,x,x,x,x,x,135.0
Aruba,2005,x,x,x,x,x,x,x,x,x,x,145.0
Australia,1985,x,x,x,x,x,x,x,x,x,x,14556.0
Australia,1986,x,x,x,x,x,x,x,x,x,x,14326.0
Australia,1987,x,x,x,x,x,x,x,x,x,x,13984.0
Australia,1988,x,x,x,x,x,x,x,x,x,x,13961.0
Australia,1989,x,x,x,x,x,x,x,x,x,x,14259.0
Australia,1990,x,x,x,x,x,x,x,x,x,x,15107.0
Australia,1991,x,x,x,x,x,x,x,x,x,x,14717.0
Australia,1992,x,x,x,x,x,x,x,x,x,x,14154.0
Australia,1993,x,x,x,x,x,x,x,x,x,x,13175.0
Australia,1994,x,x,x,x,x,x,x,x,x,x,12853.0
Australia,1995,x,x,x,x,x,x,x,x,x,x,12631.0
Australia,1996,x,x,x,x,x,x,x,x,x,x,12509.0
Australia,1997,x,x,x,x,x,x,x,x,x,x,12309.0
Australia,1998,x,x,x,x,x,x,x,x,x,x,11849.0
Australia,1999,x,x,x,x,x,x,x,x,x,x,11751.0
Australia,2000,x,x,x,x,x,x,x,x,x,x,11474.0
Australia,2001,x,x,x,x,x,x,x,x,x,x,11704.0
Australia,2002,x,x,x,x,x,x,x,x,x,x,11505.0
Australia,2003,x,x,x,x,x,x,x,x,x,x,10811.0
Australia,2004,x,x,x,x,x,x,x,x,x,x,10857.0
Australia,2005,x,x,x,x,x,x,x,x,x,x,10744.0
Austria,1985,x,x,x,x,x,x,x,x,x,x,7507.0
Austria,1986,x,x,x,x,x,x,x,x,x,x,7055.0
Austria,1987,x,x,x,x,x,x,x,x,x,x,6392.0
Austria,1988,x,x,x,x,x,x,x,x,x,x,6116.0
Austria,1989,x,x,x,x,x,x,x,x,x,x,5653.0
Austria,1990,x,x,x,x,x,x,x,x,x,x,5379.0
Austria,1991,x,x,x,x,x,x,x,x,x,x,5596.0
Austria,1992,x,x,x,x,x,x,x,x,x,x,5488.0
Austria,1993,x,x,x,x,x,x,x,x,x,x,5191.0
Austria,1994,x,x,x,x,x,x,x,x,x,x,4292.0
Austria,1995,x,x,x,x,x,x,x,x,x,x,3894.0
Austria,1996,x,x,x,x,x,x,x,x,x,x,3507.0
Austria,1997,x,x,x,x,x,x,x,x,x,x,3367.0
Austria,1998,x,x,x,x,x,x,x,x,x,x,3275.0
Austria,1999,x,x,x,x,x,x,x,x,x,x,3105.0
Austria,2001,x,x,x,x,x,x,x,x,x,x,3254.0
Austria,2002,x,x,x,x,x,x,x,x,x,x,3256.0
Austria,2003,x,x,x,x,x,x,x,x,x,x,3106.0
Austria,2004,x,x,x,x,x,x,x,x,x,x,3251.0
Austria,2005,x,x,x,x,x,x,x,x,x,x,3062.0
Azerbaijan,1985,x,x,x,x,x,x,x,x,x,x,6803.0
Azerbaijan,1986,x,x,x,x,x,x,x,x,x,x,7032.0
Azerbaijan,1987,x,x,x,x,x,x,x,x,x,x,6899.0
Azerbaijan,1988,x,x,x,x,x,x,x,x,x,x,8722.0
Azerbaijan,1989,x,x,x,x,x,x,x,x,x,x,9172.0
Azerbaijan,1990,x,x,x,x,x,x,x,x,x,x,8675.0
Azerbaijan,1991,x,x,x,x,x,x,x,x,x,x,9913.0
Azerbaijan,1992,x,x,x,x,x,x,x,x,x,x,11386.0
Azerbaijan,1993,x,x,x,x,x,x,x,x,x,x,12535.0
Azerbaijan,1994,x,x,x,x,x,x,x,x,x,x,13448.0
Azerbaijan,1995,x,x,x,x,x,x,x,x,x,x,13368.0
Azerbaijan,1996,x,x,x,x,x,x,x,x,x,x,12329.0
Azerbaijan,1997,x,x,x,x,x,x,x,x,x,x,14483.0
Azerbaijan,1998,x,x,x,x,x,x,x,x,x,x,13241.0
Azerbaijan,1999,x,x,x,x,x,x,x,x,x,x,12141.0
Azerbaijan,2000,x,x,x,x,x,x,x,x,x,x,11407.0
Azerbaijan,2001,x,x,x,x,x,x,x,x,x,x,10741.0
Azerbaijan,2002,x,x,x,x,x,x,x,x,x,x,11076.0
Azerbaijan,2003,x,x,x,x,x,x,x,x,x,x,11993.0
Azerbaijan,2004,x,x,x,x,x,x,x,x,x,x,13739.0
Bahrain,1985,x,x,x,x,x,x,x,x,x,x,668.0
Bahrain,1986,x,x,x,x,x,x,x,x,x,x,577.0
Bahrain,1987,x,x,x,x,x,x,x,x,x,x,547.0
Bahrain,1988,x,x,x,x,x,x,x,x,x,x,480.0
Bahrain,1989,x,x,x,x,x,x,x,x,x,x,470.0
Bahrain,1990,x,x,x,x,x,x,x,x,x,x,420.0
Bahrain,1991,x,x,x,x,x,x,x,x,x,x,404.0
Bahrain,1992,x,x,x,x,x,x,x,x,x,x,457.0
Bahrain,1993,x,x,x,x,x,x,x,x,x,x,453.0
Bahrain,1994,x,x,x,x,x,x,x,x,x,x,423.0
Bahrain,1995,x,x,x,x,x,x,x,x,x,x,435.0
Bahrain,1996,x,x,x,x,x,x,x,x,x,x,442.0
Bahrain,1997,x,x,x,x,x,x,x,x,x,x,458.0
Bahrain,1998,x,x,x,x,x,x,x,x,x,x,521.0
Bahrain,1999,x,x,x,x,x,x,x,x,x,x,472.0
Bahrain,2000,x,x,x,x,x,x,x,x,x,x,360.0
Bahrain,2001,x,x,x,x,x,x,x,x,x,x,313.0
Bahrain,2002,x,x,x,x,x,x,x,x,x,x,349.0
Bahrain,2003,x,x,x,x,x,x,x,x,x,x,529.0
Bahrain,2004,x,x,x,x,x,x,x,x,x,x,531.0
Bahrain,2005,x,x,x,x,x,x,x,x,x,x,489.0
Barbados,1985,x,x,x,x,x,x,x,x,x,x,710.0
Barbados,1986,x,x,x,x,x,x,x,x,x,x,620.0
Barbados,1987,x,x,x,x,x,x,x,x,x,x,571.0
Barbados,1988,x,x,x,x,x,x,x,x,x,x,529.0
Barbados,2005,x,x,x,x,x,x,x,x,x,x,446.0
Belarus,1986,x,x,x,x,x,x,x,x,x,x,12664.0
Belarus,1987,x,x,x,x,x,x,x,x,x,x,13204.0
Belarus,1988,x,x,x,x,x,x,x,x,x,x,13412.0
Belarus,1989,x,x,x,x,x,x,x,x,x,x,14117.0
Belarus,1990,x,x,x,x,x,x,x,x,x,x,13477.0
Belarus,1991,x,x,x,x,x,x,x,x,x,x,16242.0
Belarus,1992,x,x,x,x,x,x,x,x,x,x,16500.0
Belarus,1993,x,x,x,x,x,x,x,x,x,x,15770.0
Belarus,1994,x,x,x,x,x,x,x,x,x,x,15649.0
Belarus,1995,x,x,x,x,x,x,x,x,x,x,14495.0
Belarus,1996,x,x,x,x,x,x,x,x,x,x,13443.0
Belarus,1997,x,x,x,x,x,x,x,x,x,x,12612.0
Belarus,1998,x,x,x,x,x,x,x,x,x,x,11881.0
Belarus,1999,x,x,x,x,x,x,x,x,x,x,11506.0
Belarus,2002,x,x,x,x,x,x,x,x,x,x,9656.0
Belarus,2003,x,x,x,x,x,x,x,x,x,x,9520.0
Belarus,2004,x,x,x,x,x,x,x,x,x,x,8868.0
Belgium,1986,x,x,x,x,x,x,x,x,x,x,4231.0
Belgium,1987,x,x,x,x,x,x,x,x,x,x,3932.0
Belgium,1992,x,x,x,x,x,x,x,x,x,x,3605.0
Bermuda,1985,x,x,x,x,x,x,x,x,x,x,69.0
Bermuda,1986,x,x,x,x,x,x,x,x,x,x,61.0
Bermuda,1987,x,x,x,x,x,x,x,x,x,x,80.0
Bermuda,1988,x,x,x,x,x,x,x,x,x,x,85.0
Bermuda,1989,x,x,x,x,x,x,x,x,x,x,85.0
Bermuda,1990,x,x,x,x,x,x,x,x,x,x,78.0
Bermuda,1991,x,x,x,x,x,x,x,x,x,x,71.0
Bermuda,1995,x,x,x,x,x,x,x,x,x,x,63.0
Bermuda,1996,x,x,x,x,x,x,x,x,x,x,70.0
Bermuda,1997,x,x,x,x,x,x,x,x,x,x,88.0
Bermuda,1998,x,x,x,x,x,x,x,x,x,x,66.0
Bermuda,1999,x,x,x,x,x,x,x,x,x,x,53.0
Bermuda,2000,x,x,x,x,x,x,x,x,x,x,45.0
Bermuda,2001,x,x,x,x,x,x,x,x,x,x,69.0
Bermuda,2002,x,x,x,x,x,x,x,x,x,x,57.0
Bermuda,2003,x,x,x,x,x,x,x,x,x,x,79.0
Bosnia and Herzegovina,1990,x,x,x,x,x,x,x,x,x,x,6941.0
Bosnia and Herzegovina,1991,x,x,x,x,x,x,x,x,x,x,6676.0
Bosnia and Herzegovina,1996,x,x,x,x,x,x,x,x,x,x,3761.0
Bosnia and Herzegovina,1997,x,x,x,x,x,x,x,x,x,x,4416.0
Bosnia and Herzegovina,1998,x,x,x,x,x,x,x,x,x,x,3193.0
Bosnia and Herzegovina,1999,x,x,x,x,x,x,x,x,x,x,2981.0
Bosnia and Herzegovina,2000,x,x,x,x,x,x,x,x,x,x,2532.0
Bosnia and Herzegovina,2001,x,x,x,x,x,x,x,x,x,x,2632.0
Bosnia and Herzegovina,2002,x,x,x,x,x,x,x,x,x,x,2362.0
Bosnia and Herzegovina,2003,x,x,x,x,x,x,x,x,x,x,1957.0
Bosnia and Herzegovina,2004,x,x,x,x,x,x,x,x,x,x,2139.0
Bosnia and Herzegovina,2005,x,x,x,x,x,x,x,x,x,x,2091.0
British Virgin Islands,1985,x,x,x,x,x,x,x,x,x,x,27.0
British Virgin Islands,1986,x,x,x,x,x,x,x,x,x,x,32.0
British Virgin Islands,1987,x,x,x,x,x,x,x,x,x,x,26.0
British Virgin Islands,1988,x,x,x,x,x,x,x,x,x,x,30.0
Brunei Darussalam,1985,x,x,x,x,x,x,x,x,x,x,451.0
Brunei Darussalam,1986,x,x,x,x,x,x,x,x,x,x,460.0
Brunei Darussalam,1987,x,x,x,x,x,x,x,x,x,x,517.0
Brunei Darussalam,1988,x,x,x,x,x,x,x,x,x,x,417.0
Brunei Darussalam,1989,x,x,x,x,x,x,x,x,x,x,432.0
Brunei Darussalam,1990,x,x,x,x,x,x,x,x,x,x,361.0
Brunei Darussalam,1991,x,x,x,x,x,x,x,x,x,x,406.0
Brunei Darussalam,1992,x,x,x,x,x,x,x,x,x,x,459.0
Brunei Darussalam,1996,x,x,x,x,x,x,x,x,x,x,410.0
Brunei Darussalam,1997,x,x,x,x,x,x,x,x,x,x,399.0
Brunei Darussalam,1998,x,x,x,x,x,x,x,x,x,x,432.0
Brunei Darussalam,1999,x,x,x,x,x,x,x,x,x,x,420.0
Brunei Darussalam,2000,x,x,x,x,x,x,x,x,x,x,446.0
Brunei Darussalam,2001,x,x,x,x,x,x,x,x,x,x,417.0
Brunei Darussalam,2002,x,x,x,x,x,x,x,x,x,x,394.0
Bulgaria,1985,x,x,x,x,x,x,x,x,x,x,23211.0
Bulgaria,1986,x,x,x,x,x,x,x,x,x,x,23561.0
Bulgaria,1987,x,x,x,x,x,x,x,x,x,x,23965.0
Bulgaria,1988,x,x,x,x,x,x,x,x,x,x,24586.0
Bulgaria,1989,x,x,x,x,x,x,x,x,x,x,23495.0
Bulgaria,1990,x,x,x,x,x,x,x,x,x,x,22518.0
Bulgaria,1992,x,x,x,x,x,x,x,x,x,x,21963.0
Bulgaria,1993,x,x,x,x,x,x,x,x,x,x,21025.0
Bulgaria,1994,x,x,x,x,x,x,x,x,x,x,18851.0
Bulgaria,1995,x,x,x,x,x,x,x,x,x,x,16278.0
Bulgaria,1997,x,x,x,x,x,x,x,x,x,x,13071.0
Bulgaria,2000,x,x,x,x,x,x,x,x,x,x,12787.0
Bulgaria,2001,x,x,x,x,x,x,x,x,x,x,11629.0
Bulgaria,2002,x,x,x,x,x,x,x,x,x,x,10763.0
Bulgaria,2003,x,x,x,x,x,x,x,x,x,x,10389.0
Bulgaria,2005,x,x,x,x,x,x,x,x,x,x,10078.0
Canada,1985,x,x,x,x,x,x,x,x,x,x,22315.0
Canada,1986,x,x,x,x,x,x,x,x,x,x,21662.0
Canada,1987,x,x,x,x,x,x,x,x,x,x,21216.0
Canada,1988,x,x,x,x,x,x,x,x,x,x,21304.0
Canada,1989,x,x,x,x,x,x,x,x,x,x,22697.0
Canada,1990,x,x,x,x,x,x,x,x,x,x,23418.0
Canada,1992,x,x,x,x,x,x,x,x,x,x,24248.0
Canada,1993,x,x,x,x,x,x,x,x,x,x,23693.0
Canada,1994,x,x,x,x,x,x,x,x,x,x,23980.0
Canada,1995,x,x,x,x,x,x,x,x,x,x,23657.0
Canada,1996,x,x,x,x,x,x,x,x,x,x,21824.0
Canada,1997,x,x,x,x,x,x,x,x,x,x,19920.0
Canada,1999,x,x,x,x,x,x,x,x,x,x,18982.0
Canada,2000,x,x,x,x,x,x,x,x,x,x,17503.0
Canada,2001,x,x,x,x,x,x,x,x,x,x,16572.0
Canada,2002,x,x,x,x,x,x,x,x,x,x,15533.0
Canada,2003,x,x,x,x,x,x,x,x,x,x,14945.0
Canada,2004,x,x,x,x,x,x,x,x,x,x,14816.0
Canada,2005,x,x,x,x,x,x,x,x,x,x,14013.0
Cape Verde,1985,x,x,x,x,x,x,x,x,x,x,1669.0
Cape Verde,1990,x,x,x,x,x,x,x,x,x,x,1422.0
Cayman Islands,1986,x,x,x,x,x,x,x,x,x,x,62.0
Cayman Islands,1987,x,x,x,x,x,x,x,x,x,x,57.0
Cayman Islands,1988,x,x,x,x,x,x,x,x,x,x,69.0
Cayman Islands,1989,x,x,x,x,x,x,x,x,x,x,75.0
Cayman Islands,1990,x,x,x,x,x,x,x,x,x,x,101.0
Cayman Islands,1991,x,x,x,x,x,x,x,x,x,x,76.0
Cayman Islands,1992,x,x,x,x,x,x,x,x,x,x,74.0
Cayman Islands,1993,x,x,x,x,x,x,x,x,x,x,70.0
Cayman Islands,1994,x,x,x,x,x,x,x,x,x,x,64.0
Chile,1985,x,x,x,x,x,x,x,x,x,x,35606.0
Chile,1986,x,x,x,x,x,x,x,x,x,x,36533.0
Chile,1987,x,x,x,x,x,x,x,x,x,x,36230.0
Chile,1988,x,x,x,x,x,x,x,x,x,x,38071.0
Chile,1989,x,x,x,x,x,x,x,x,x,x,39834.0
Chile,1990,x,x,x,x,x,x,x,x,x,x,40285.0
Chile,1991,x,x,x,x,x,x,x,x,x,x,39030.0
Chile,1992,x,x,x,x,x,x,x,x,x,x,38483.0
Chile,1993,x,x,x,x,x,x,x,x,x,x,38426.0
Chile,1994,x,x,x,x,x,x,x,x,x,x,38848.0
Chile,1995,x,x,x,x,x,x,x,x,x,x,38885.0
Chile,1996,x,x,x,x,x,x,x,x,x,x,39701.0
Chile,1997,x,x,x,x,x,x,x,x,x,x,40734.0
Chile,1998,x,x,x,x,x,x,x,x,x,x,41530.0
Chile,1999,x,x,x,x,x,x,x,x,x,x,40439.0
Chile,2000,x,x,x,x,x,x,x,x,x,x,40312.0
Chile,2001,x,x,x,x,x,x,x,x,x,x,39884.0
Chile,2002,x,x,x,x,x,x,x,x,x,x,37618.0
Chile,2003,x,x,x,x,x,x,x,x,x,x,34832.0
Chile,2005,x,x,x,x,x,x,x,x,x,x,36078.0
"China, Hong Kong SAR",1985,x,x,x,x,x,x,x,x,x,x,1877.0
"China, Hong Kong SAR",1986,x,x,x,x,x,x,x,x,x,x,1512.0
"China, Hong Kong SAR",1987,x,x,x,x,x,x,x,x,x,x,1306.0
"China, Hong Kong SAR",1988,x,x,x,x,x,x,x,x,x,x,1327.0
"China, Hong Kong SAR",1989,x,x,x,x,x,x,x,x,x,x,1254.0
"China, Hong Kong SAR",1990,x,x,x,x,x,x,x,x,x,x,1201.0
"China, Hong Kong SAR",1991,x,x,x,x,x,x,x,x,x,x,1270.0
"China, Hong Kong SAR",1992,x,x,x,x,x,x,x,x,x,x,1264.0
"China, Hong Kong SAR",1993,x,x,x,x,x,x,x,x,x,x,1336.0
"China, Hong Kong SAR",1994,x,x,x,x,x,x,x,x,x,x,1308.0
"China, Hong Kong SAR",1995,x,x,x,x,x,x,x,x,x,x,1191.0
"China, Hong Kong SAR",1996,x,x,x,x,x,x,x,x,x,x,1181.0
"China, Hong Kong SAR",1997,x,x,x,x,x,x,x,x,x,x,1169.0
"China, Hong Kong SAR",1998,x,x,x,x,x,x,x,x,x,x,1128.0
"China, Hong Kong SAR",1999,x,x,x,x,x,x,x,x,x,x,1041.0
"China, Hong Kong SAR",2000,x,x,x,x,x,x,x,x,x,x,981.0
"China, Hong Kong SAR",2001,x,x,x,x,x,x,x,x,x,x,886.0
"China, Hong Kong SAR",2002,x,x,x,x,x,x,x,x,x,x,800.0
"China, Hong Kong SAR",2003,x,x,x,x,x,x,x,x,x,x,762.0
"China, Hong Kong SAR",2004,x,x,x,x,x,x,x,x,x,x,844.0
"China, Hong Kong SAR",2005,x,x,x,x,x,x,x,x,x,x,828.0
"China, Macao SAR",1985,x,x,x,x,x,x,x,x,x,x,113.0
"China, Macao SAR",1986,x,x,x,x,x,x,x,x,x,x,106.0
"China, Macao SAR",1987,x,x,x,x,x,x,x,x,x,x,112.0
"China, Macao SAR",1988,x,x,x,x,x,x,x,x,x,x,80.0
"China, Macao SAR",1989,x,x,x,x,x,x,x,x,x,x,107.0
"China, Macao SAR",1990,x,x,x,x,x,x,x,x,x,x,111.0
"China, Macao SAR",1991,x,x,x,x,x,x,x,x,x,x,119.0
"China, Macao SAR",1992,x,x,x,x,x,x,x,x,x,x,101.0
"China, Macao SAR",1993,x,x,x,x,x,x,x,x,x,x,78.0
"China, Macao SAR",1994,x,x,x,x,x,x,x,x,x,x,89.0
"China, Macao SAR",1995,x,x,x,x,x,x,x,x,x,x,97.0
"China, Macao SAR",1996,x,x,x,x,x,x,x,x,x,x,78.0
"China, Macao SAR",1997,x,x,x,x,x,x,x,x,x,x,74.0
"China, Macao SAR",1998,x,x,x,x,x,x,x,x,x,x,80.0
"China, Macao SAR",1999,x,x,x,x,x,x,x,x,x,x,98.0
"China, Macao SAR",2000,x,x,x,x,x,x,x,x,x,x,93.0
"China, Macao SAR",2001,x,x,x,x,x,x,x,x,x,x,92.0
"China, Macao SAR",2003,x,x,x,x,x,x,x,x,x,x,87.0
"China, Macao SAR",2004,x,x,x,x,x,x,x,x,x,x,80.0
"China, Macao SAR",2005,x,x,x,x,x,x,x,x,x,x,74.0
Cook Islands,1985,x,x,x,x,x,x,x,x,x,x,99.0
Cook Islands,1986,x,x,x,x,x,x,x,x,x,x,119.0
Cook Islands,1987,x,x,x,x,x,x,x,x,x,x,95.0
Cook Islands,1988,x,x,x,x,x,x,x,x,x,x,87.0
Costa Rica,1987,x,x,x,x,x,x,x,x,x,x,13385.0
Costa Rica,1988,x,x,x,x,x,x,x,x,x,x,13351.0
Costa Rica,1989,x,x,x,x,x,x,x,x,x,x,13503.0
Costa Rica,1990,x,x,x,x,x,x,x,x,x,x,12938.0
Costa Rica,1991,x,x,x,x,x,x,x,x,x,x,13139.0
Costa Rica,1994,x,x,x,x,x,x,x,x,x,x,14339.0
Costa Rica,1995,x,x,x,x,x,x,x,x,x,x,14760.0
Costa Rica,1996,x,x,x,x,x,x,x,x,x,x,14954.0
Costa Rica,1997,x,x,x,x,x,x,x,x,x,x,15249.0
Costa Rica,1999,x,x,x,x,x,x,x,x,x,x,16041.0
Costa Rica,2000,x,x,x,x,x,x,x,x,x,x,16610.0
Costa Rica,2001,x,x,x,x,x,x,x,x,x,x,15461.0
Costa Rica,2002,x,x,x,x,x,x,x,x,x,x,14454.0
Costa Rica,2003,x,x,x,x,x,x,x,x,x,x,14835.0
Costa Rica,2004,x,x,x,x,x,x,x,x,x,x,14792.0
Croatia,1988,x,x,x,x,x,x,x,x,x,x,5165.0
Croatia,1989,x,x,x,x,x,x,x,x,x,x,4668.0
Croatia,1990,x,x,x,x,x,x,x,x,x,x,4391.0
Croatia,1991,x,x,x,x,x,x,x,x,x,x,4033.0
Croatia,1992,x,x,x,x,x,x,x,x,x,x,3385.0
Croatia,1993,x,x,x,x,x,x,x,x,x,x,3158.0
Croatia,1994,x,x,x,x,x,x,x,x,x,x,3036.0
Croatia,1995,x,x,x,x,x,x,x,x,x,x,2845.0
Croatia,1996,x,x,x,x,x,x,x,x,x,x,2990.0
Croatia,1997,x,x,x,x,x,x,x,x,x,x,2829.0
Croatia,1998,x,x,x,x,x,x,x,x,x,x,2468.0
Croatia,2000,x,x,x,x,x,x,x,x,x,x,2307.0
Croatia,2001,x,x,x,x,x,x,x,x,x,x,2254.0
Croatia,2002,x,x,x,x,x,x,x,x,x,x,2149.0
Croatia,2003,x,x,x,x,x,x,x,x,x,x,1977.0
Croatia,2004,x,x,x,x,x,x,x,x,x,x,1900.0
Croatia,2005,x,x,x,x,x,x,x,x,x,x,1892.0
Cuba,1985,x,x,x,x,x,x,x,x,x,x,53159.0
Cuba,1986,x,x,x,x,x,x,x,x,x,x,45888.0
Cuba,1987,x,x,x,x,x,x,x,x,x,x,46147.0
Cuba,1988,x,x,x,x,x,x,x,x,x,x,45771.0
Cuba,1989,x,x,x,x,x,x,x,x,x,x,45771.0
Cuba,1990,x,x,x,x,x,x,x,x,x,x,41337.0
Cuba,1991,x,x,x,x,x,x,x,x,x,x,36246.0
Cuba,1993,x,x,x,x,x,x,x,x,x,x,26537.0
Cuba,1994,x,x,x,x,x,x,x,x,x,x,24650.0
Cuba,1995,x,x,x,x,x,x,x,x,x,x,22668.0
Cuba,1996,x,x,x,x,x,x,x,x,x,x,19351.0
Cuba,1997,x,x,x,x,x,x,x,x,x,x,19965.0
Cuba,1998,x,x,x,x,x,x,x,x,x,x,18840.0
Cuba,1999,x,x,x,x,x,x,x,x,x,x,19570.0
Cuba,2000,x,x,x,x,x,x,x,x,x,x,18745.0
Cuba,2001,x,x,x,x,x,x,x,x,x,x,18895.0
Cuba,2002,x,x,x,x,x,x,x,x,x,x,19281.0
Cuba,2003,x,x,x,x,x,x,x,x,x,x,19152.0
Cuba,2004,x,x,x,x,x,x,x,x,x,x,19133.0
Cuba,2005,x,x,x,x,x,x,x,x,x,x,18452.0
Cyprus,1985,x,x,x,x,x,x,x,x,x,x,880.0
Cyprus,1986,x,x,x,x,x,x,x,x,x,x,708.0
Cyprus,1987,x,x,x,x,x,x,x,x,x,x,701.0
Cyprus,1988,x,x,x,x,x,x,x,x,x,x,732.0
Cyprus,1989,x,x,x,x,x,x,x,x,x,x,677.0
Cyprus,1990,x,x,x,x,x,x,x,x,x,x,722.0
Cyprus,1991,x,x,x,x,x,x,x,x,x,x,655.0
Cyprus,1992,x,x,x,x,x,x,x,x,x,x,695.0
Cyprus,1993,x,x,x,x,x,x,x,x,x,x,518.0
Cyprus,1994,x,x,x,x,x,x,x,x,x,x,459.0
Cyprus,1995,x,x,x,x,x,x,x,x,x,x,413.0
Cyprus,1996,x,x,x,x,x,x,x,x,x,x,370.0
Cyprus,1997,x,x,x,x,x,x,x,x,x,x,331.0
Cyprus,1998,x,x,x,x,x,x,x,x,x,x,323.0
Cyprus,1999,x,x,x,x,x,x,x,x,x,x,321.0
Cyprus,2000,x,x,x,x,x,x,x,x,x,x,272.0
Cyprus,2001,x,x,x,x,x,x,x,x,x,x,189.0
Cyprus,2002,x,x,x,x,x,x,x,x,x,x,173.0
Cyprus,2003,x,x,x,x,x,x,x,x,x,x,156.0
Cyprus,2004,x,x,x,x,x,x,x,x,x,x,221.0
Cyprus,2005,x,x,x,x,x,x,x,x,x,x,180.0
Czech Republic,1991,x,x,x,x,x,x,x,x,x,x,20045.0
Czech Republic,1992,x,x,x,x,x,x,x,x,x,x,19719.0
Czech Republic,1993,x,x,x,x,x,x,x,x,x,x,19088.0
Czech Republic,1994,x,x,x,x,x,x,x,x,x,x,14341.0
Czech Republic,1995,x,x,x,x,x,x,x,x,x,x,10609.0
Czech Republic,1996,x,x,x,x,x,x,x,x,x,x,8139.0
Czech Republic,1997,x,x,x,x,x,x,x,x,x,x,6939.0
Czech Republic,1998,x,x,x,x,x,x,x,x,x,x,6035.0
Czech Republic,1999,x,x,x,x,x,x,x,x,x,x,5347.0
Czech Republic,2000,x,x,x,x,x,x,x,x,x,x,4468.0
Czech Republic,2001,x,x,x,x,x,x,x,x,x,x,3827.0
Czech Republic,2002,x,x,x,x,x,x,x,x,x,x,4453.0
Czech Republic,2003,x,x,x,x,x,x,x,x,x,x,3713.0
Czech Republic,2004,x,x,x,x,x,x,x,x,x,x,3659.0
Czech Republic,2005,x,x,x,x,x,x,x,x,x,x,3502.0
Denmark,1985,x,x,x,x,x,x,x,x,x,x,1866.0
Denmark,1986,x,x,x,x,x,x,x,x,x,x,1800.0
Denmark,1987,x,x,x,x,x,x,x,x,x,x,1727.0
Denmark,1988,x,x,x,x,x,x,x,x,x,x,1605.0
Denmark,1989,x,x,x,x,x,x,x,x,x,x,1656.0
Denmark,1990,x,x,x,x,x,x,x,x,x,x,1647.0
Denmark,1991,x,x,x,x,x,x,x,x,x,x,1617.0
Denmark,1992,x,x,x,x,x,x,x,x,x,x,1706.0
Denmark,1993,x,x,x,x,x,x,x,x,x,x,1549.0
Denmark,1994,x,x,x,x,x,x,x,x,x,x,1521.0
Denmark,1995,x,x,x,x,x,x,x,x,x,x,1388.0
Denmark,1996,x,x,x,x,x,x,x,x,x,x,1253.0
Denmark,1998,x,x,x,x,x,x,x,x,x,x,1161.0
Denmark,1999,x,x,x,x,x,x,x,x,x,x,1122.0
Denmark,2001,x,x,x,x,x,x,x,x,x,x,1424.0
Denmark,2002,x,x,x,x,x,x,x,x,x,x,908.0
Denmark,2003,x,x,x,x,x,x,x,x,x,x,854.0
Denmark,2004,x,x,x,x,x,x,x,x,x,x,827.0
Denmark,2005,x,x,x,x,x,x,x,x,x,x,845.0
Dominica,1985,x,x,x,x,x,x,x,x,x,x,405.0
Dominica,1986,x,x,x,x,x,x,x,x,x,x,471.0
Dominica,1987,x,x,x,x,x,x,x,x,x,x,418.0
Dominica,1988,x,x,x,x,x,x,x,x,x,x,436.0
Dominica,1989,x,x,x,x,x,x,x,x,x,x,426.0
Dominica,2005,x,x,x,x,x,x,x,x,x,x,142.0
Egypt,1985,x,x,x,x,x,x,x,x,x,x,48651.0
Egypt,1986,x,x,x,x,x,x,x,x,x,x,45377.0
Egypt,1987,x,x,x,x,x,x,x,x,x,x,42706.0
Egypt,1988,x,x,x,x,x,x,x,x,x,x,43572.0
Egypt,1989,x,x,x,x,x,x,x,x,x,x,39357.0
Egypt,1990,x,x,x,x,x,x,x,x,x,x,35630.0
Egypt,1991,x,x,x,x,x,x,x,x,x,x,36902.0
Egypt,1992,x,x,x,x,x,x,x,x,x,x,34092.0
Egypt,1993,x,x,x,x,x,x,x,x,x,x,34563.0
Egypt,1994,x,x,x,x,x,x,x,x,x,x,37654.0
Egypt,1995,x,x,x,x,x,x,x,x,x,x,39110.0
Egypt,1996,x,x,x,x,x,x,x,x,x,x,41366.0
Egypt,1997,x,x,x,x,x,x,x,x,x,x,49767.0
Egypt,1998,x,x,x,x,x,x,x,x,x,x,55849.0
Egypt,1999,x,x,x,x,x,x,x,x,x,x,58512.0
El Salvador,1985,x,x,x,x,x,x,x,x,x,x,27815.0
El Salvador,1986,x,x,x,x,x,x,x,x,x,x,28617.0
El Salvador,1987,x,x,x,x,x,x,x,x,x,x,28815.0
El Salvador,1988,x,x,x,x,x,x,x,x,x,x,29756.0
El Salvador,1989,x,x,x,x,x,x,x,x,x,x,30169.0
El Salvador,1990,x,x,x,x,x,x,x,x,x,x,30198.0
El Salvador,1991,x,x,x,x,x,x,x,x,x,x,31041.0
El Salvador,1992,x,x,x,x,x,x,x,x,x,x,31117.0
El Salvador,1993,x,x,x,x,x,x,x,x,x,x,33424.0
El Salvador,1994,x,x,x,x,x,x,x,x,x,x,35634.0
El Salvador,1995,x,x,x,x,x,x,x,x,x,x,36164.0
El Salvador,1996,x,x,x,x,x,x,x,x,x,x,37645.0
El Salvador,1997,x,x,x,x,x,x,x,x,x,x,36765.0
El Salvador,1998,x,x,x,x,x,x,x,x,x,x,35156.0
El Salvador,1999,x,x,x,x,x,x,x,x,x,x,33226.0
El Salvador,2000,x,x,x,x,x,x,x,x,x,x,32009.0
El Salvador,2001,x,x,x,x,x,x,x,x,x,x,28993.0
El Salvador,2002,x,x,x,x,x,x,x,x,x,x,26728.0
El Salvador,2003,x,x,x,x,x,x,x,x,x,x,25566.0
El Salvador,2005,x,x,x,x,x,x,x,x,x,x,23191.0
Estonia,1986,x,x,x,x,x,x,x,x,x,x,2132.0
Estonia,1987,x,x,x,x,x,x,x,x,x,x,2268.0
Estonia,1988,x,x,x,x,x,x,x,x,x,x,2312.0
Estonia,1989,x,x,x,x,x,x,x,x,x,x,2559.0
Estonia,1990,x,x,x,x,x,x,x,x,x,x,2668.0
Estonia,1991,x,x,x,x,x,x,x,x,x,x,2552.0
Estonia,1992,x,x,x,x,x,x,x,x,x,x,2642.0
Estonia,1993,x,x,x,x,x,x,x,x,x,x,2240.0
Estonia,1994,x,x,x,x,x,x,x,x,x,x,1999.0
Estonia,1995,x,x,x,x,x,x,x,x,x,x,1861.0
Estonia,1996,x,x,x,x,x,x,x,x,x,x,1718.0
Estonia,1997,x,x,x,x,x,x,x,x,x,x,1513.0
Estonia,2000,x,x,x,x,x,x,x,x,x,x,1310.0
Estonia,2001,x,x,x,x,x,x,x,x,x,x,1229.0
Estonia,2002,x,x,x,x,x,x,x,x,x,x,1139.0
Estonia,2003,x,x,x,x,x,x,x,x,x,x,1097.0
Estonia,2005,x,x,x,x,x,x,x,x,x,x,1116.0
Faeroe Islands,1985,x,x,x,x,x,x,x,x,x,x,72.0
Faeroe Islands,1986,x,x,x,x,x,x,x,x,x,x,72.0
Faeroe Islands,1987,x,x,x,x,x,x,x,x,x,x,58.0
Faeroe Islands,1989,x,x,x,x,x,x,x,x,x,x,68.0
Faeroe Islands,1990,x,x,x,x,x,x,x,x,x,x,103.0
Faeroe Islands,1991,x,x,x,x,x,x,x,x,x,x,49.0
Faeroe Islands,2005,x,x,x,x,x,x,x,x,x,x,20.0
Falkland Islands (Malvinas),1991,x,x,x,x,x,x,x,x,x,x,5.0
Falkland Islands (Malvinas),1992,x,x,x,x,x,x,x,x,x,x,4.0
Fiji,1985,x,x,x,x,x,x,x,x,x,x,2158.0
Fiji,1986,x,x,x,x,x,x,x,x,x,x,1921.0
Fiji,1987,x,x,x,x,x,x,x,x,x,x,2176.0
Fiji,2004,x,x,x,x,x,x,x,x,x,x,1201.0
Finland,1985,x,x,x,x,x,x,x,x,x,x,2374.0
Finland,1986,x,x,x,x,x,x,x,x,x,x,2141.0
Finland,1987,x,x,x,x,x,x,x,x,x,x,1924.0
Finland,1988,x,x,x,x,x,x,x,x,x,x,1879.0
Finland,1989,x,x,x,x,x,x,x,x,x,x,1746.0
Finland,1990,x,x,x,x,x,x,x,x,x,x,1830.0
Finland,1991,x,x,x,x,x,x,x,x,x,x,1835.0
Finland,1992,x,x,x,x,x,x,x,x,x,x,1799.0
Finland,1993,x,x,x,x,x,x,x,x,x,x,1655.0
Finland,1994,x,x,x,x,x,x,x,x,x,x,1610.0
Finland,1995,x,x,x,x,x,x,x,x,x,x,1567.0
Finland,1996,x,x,x,x,x,x,x,x,x,x,1561.0
Finland,1997,x,x,x,x,x,x,x,x,x,x,1445.0
Finland,1998,x,x,x,x,x,x,x,x,x,x,1485.0
Finland,2001,x,x,x,x,x,x,x,x,x,x,1720.0
Finland,2002,x,x,x,x,x,x,x,x,x,x,1784.0
Finland,2003,x,x,x,x,x,x,x,x,x,x,1630.0
Finland,2004,x,x,x,x,x,x,x,x,x,x,1659.0
Finland,2005,x,x,x,x,x,x,x,x,x,x,1610.0
France,1985,x,x,x,x,x,x,x,x,x,x,24207.0
France,1986,x,x,x,x,x,x,x,x,x,x,22736.0
France,1987,x,x,x,x,x,x,x,x,x,x,21064.0
France,1988,x,x,x,x,x,x,x,x,x,x,20011.0
France,1989,x,x,x,x,x,x,x,x,x,x,19300.0
France,1990,x,x,x,x,x,x,x,x,x,x,19008.0
France,1991,x,x,x,x,x,x,x,x,x,x,18500.0
France,1992,x,x,x,x,x,x,x,x,x,x,16846.0
France,1993,x,x,x,x,x,x,x,x,x,x,15163.0
France,1994,x,x,x,x,x,x,x,x,x,x,13426.0
France,1995,x,x,x,x,x,x,x,x,x,x,12915.0
France,1996,x,x,x,x,x,x,x,x,x,x,13141.0
France,1997,x,x,x,x,x,x,x,x,x,x,13229.0
France,1998,x,x,x,x,x,x,x,x,x,x,13563.0
France,1999,x,x,x,x,x,x,x,x,x,x,14679.0
France,2000,x,x,x,x,x,x,x,x,x,x,15695.0
France,2001,x,x,x,x,x,x,x,x,x,x,21986.0
France,2002,x,x,x,x,x,x,x,x,x,x,15261.0
France,2003,x,x,x,x,x,x,x,x,x,x,14913.0
France,2004,x,x,x,x,x,x,x,x,x,x,15220.0
France,2005,x,x,x,x,x,x,x,x,x,x,14993.0
French Guiana,1985,x,x,x,x,x,x,x,x,x,x,345.0
French Guiana,1996,x,x,x,x,x,x,x,x,x,x,656.0
French Guiana,1998,x,x,x,x,x,x,x,x,x,x,760.0
French Guiana,1999,x,x,x,x,x,x,x,x,x,x,867.0
French Guiana,2000,x,x,x,x,x,x,x,x,x,x,881.0
French Guiana,2001,x,x,x,x,x,x,x,x,x,x,876.0
French Guiana,2002,x,x,x,x,x,x,x,x,x,x,894.0
French Guiana,2003,x,x,x,x,x,x,x,x,x,x,892.0
French Guiana,2005,x,x,x,x,x,x,x,x,x,x,814.0
Georgia,1989,x,x,x,x,x,x,x,x,x,x,11760.0
Georgia,1992,x,x,x,x,x,x,x,x,x,x,10487.0
Georgia,1994,x,x,x,x,x,x,x,x,x,x,12597.0
Georgia,1995,x,x,x,x,x,x,x,x,x,x,11893.0
Georgia,1996,x,x,x,x,x,x,x,x,x,x,10599.0
Georgia,1997,x,x,x,x,x,x,x,x,x,x,9556.0
Georgia,1999,x,x,x,x,x,x,x,x,x,x,6923.0
Georgia,2000,x,x,x,x,x,x,x,x,x,x,5882.0
Georgia,2001,x,x,x,x,x,x,x,x,x,x,4900.0
Georgia,2002,x,x,x,x,x,x,x,x,x,x,5833.0
Georgia,2003,x,x,x,x,x,x,x,x,x,x,5907.0
Georgia,2004,x,x,x,x,x,x,x,x,x,x,6187.0
Georgia,2005,x,x,x,x,x,x,x,x,x,x,6903.0
Germany,1991,x,x,x,x,x,x,x,x,x,x,27926.0
Germany,1992,x,x,x,x,x,x,x,x,x,x,25388.0
Germany,1993,x,x,x,x,x,x,x,x,x,x,22603.0
Germany,1994,x,x,x,x,x,x,x,x,x,x,20663.0
Germany,1995,x,x,x,x,x,x,x,x,x,x,19984.0
Germany,1996,x,x,x,x,x,x,x,x,x,x,20860.0
Germany,1997,x,x,x,x,x,x,x,x,x,x,21189.0
Germany,2000,x,x,x,x,x,x,x,x,x,x,39197.0
Germany,2001,x,x,x,x,x,x,x,x,x,x,29368.0
Germany,2002,x,x,x,x,x,x,x,x,x,x,28103.0
Germany,2003,x,x,x,x,x,x,x,x,x,x,26728.0
Germany,2004,x,x,x,x,x,x,x,x,x,x,25438.0
Germany,2005,x,x,x,x,x,x,x,x,x,x,24960.0
Gibraltar,1995,x,x,x,x,x,x,x,x,x,x,29.0
Gibraltar,1996,x,x,x,x,x,x,x,x,x,x,19.0
Gibraltar,1997,x,x,x,x,x,x,x,x,x,x,18.0
Gibraltar,2001,x,x,x,x,x,x,x,x,x,x,22.0
Gibraltar,2002,x,x,x,x,x,x,x,x,x,x,25.0
Greece,1985,x,x,x,x,x,x,x,x,x,x,13484.0
Greece,1990,x,x,x,x,x,x,x,x,x,x,7366.0
Greece,1991,x,x,x,x,x,x,x,x,x,x,6759.0
Greece,1992,x,x,x,x,x,x,x,x,x,x,6488.0
Greece,1993,x,x,x,x,x,x,x,x,x,x,5685.0
Greece,1994,x,x,x,x,x,x,x,x,x,x,5320.0
Greece,1995,x,x,x,x,x,x,x,x,x,x,4814.0
Greece,1996,x,x,x,x,x,x,x,x,x,x,4502.0
Greece,1997,x,x,x,x,x,x,x,x,x,x,4384.0
Greece,1998,x,x,x,x,x,x,x,x,x,x,4183.0
Greece,2000,x,x,x,x,x,x,x,x,x,x,3101.0
Greece,2001,x,x,x,x,x,x,x,x,x,x,3798.0
Greece,2002,x,x,x,x,x,x,x,x,x,x,3583.0
Greece,2003,x,x,x,x,x,x,x,x,x,x,3416.0
Greece,2004,x,x,x,x,x,x,x,x,x,x,3377.0
Greece,2005,x,x,x,x,x,x,x,x,x,x,3091.0
Greenland,1985,x,x,x,x,x,x,x,x,x,x,213.0
Greenland,1986,x,x,x,x,x,x,x,x,x,x,208.0
Greenland,1987,x,x,x,x,x,x,x,x,x,x,153.0
Greenland,1989,x,x,x,x,x,x,x,x,x,x,146.0
Greenland,1990,x,x,x,x,x,x,x,x,x,x,123.0
Greenland,1991,x,x,x,x,x,x,x,x,x,x,139.0
Greenland,1992,x,x,x,x,x,x,x,x,x,x,143.0
Greenland,1993,x,x,x,x,x,x,x,x,x,x,149.0
Greenland,1994,x,x,x,x,x,x,x,x,x,x,134.0
Greenland,1995,x,x,x,x,x,x,x,x,x,x,123.0
Greenland,1996,x,x,x,x,x,x,x,x,x,x,138.0
Greenland,1997,x,x,x,x,x,x,x,x,x,x,92.0
Greenland,1998,x,x,x,x,x,x,x,x,x,x,90.0
Greenland,1999,x,x,x,x,x,x,x,x,x,x,83.0
Greenland,2000,x,x,x,x,x,x,x,x,x,x,117.0
Greenland,2001,x,x,x,x,x,x,x,x,x,x,123.0
Greenland,2002,x,x,x,x,x,x,x,x,x,x,103.0
Greenland,2003,x,x,x,x,x,x,x,x,x,x,101.0
Greenland,2004,x,x,x,x,x,x,x,x,x,x,127.0
Greenland,2005,x,x,x,x,x,x,x,x,x,x,148.0
Grenada,1997,x,x,x,x,x,x,x,x,x,x,383.0
Grenada,1998,x,x,x,x,x,x,x,x,x,x,315.0
Grenada,1999,x,x,x,x,x,x,x,x,x,x,306.0
Grenada,2000,x,x,x,x,x,x,x,x,x,x,319.0
Guadeloupe,1985,x,x,x,x,x,x,x,x,x,x,767.0
Guadeloupe,1986,x,x,x,x,x,x,x,x,x,x,3.0
Guadeloupe,1991,x,x,x,x,x,x,x,x,x,x,681.0
Guadeloupe,1999,x,x,x,x,x,x,x,x,x,x,513.0
Guadeloupe,2000,x,x,x,x,x,x,x,x,x,x,544.0
Guadeloupe,2001,x,x,x,x,x,x,x,x,x,x,513.0
Guadeloupe,2002,x,x,x,x,x,x,x,x,x,x,422.0
Guadeloupe,2003,x,x,x,x,x,x,x,x,x,x,438.0
Guam,1985,x,x,x,x,x,x,x,x,x,x,436.0
Guam,1986,x,x,x,x,x,x,x,x,x,x,462.0
Guam,1988,x,x,x,x,x,x,x,x,x,x,466.0
Guam,1989,x,x,x,x,x,x,x,x,x,x,481.0
Guam,1990,x,x,x,x,x,x,x,x,x,x,540.0
Guam,1991,x,x,x,x,x,x,x,x,x,x,560.0
Guam,1992,x,x,x,x,x,x,x,x,x,x,624.0
Guam,1999,x,x,x,x,x,x,x,x,x,x,468.0
Guam,2001,x,x,x,x,x,x,x,x,x,x,362.0
Guam,2002,x,x,x,x,x,x,x,x,x,x,348.0
Guam,2003,x,x,x,x,x,x,x,x,x,x,358.0
Guam,2004,x,x,x,x,x,x,x,x,x,x,352.0
Guatemala,1985,x,x,x,x,x,x,x,x,x,x,52041.0
Guatemala,1986,x,x,x,x,x,x,x,x,x,x,50842.0
Guatemala,1987,x,x,x,x,x,x,x,x,x,x,50877.0
Guatemala,1988,x,x,x,x,x,x,x,x,x,x,54355.0
Guatemala,1989,x,x,x,x,x,x,x,x,x,x,56546.0
Guatemala,1990,x,x,x,x,x,x,x,x,x,x,58409.0
Guatemala,1991,x,x,x,x,x,x,x,x,x,x,60399.0
Guatemala,1992,x,x,x,x,x,x,x,x,x,x,61500.0
Guatemala,1993,x,x,x,x,x,x,x,x,x,x,64188.0
Guatemala,1994,x,x,x,x,x,x,x,x,x,x,67355.0
Guatemala,1995,x,x,x,x,x,x,x,x,x,x,67782.0
Guatemala,1996,x,x,x,x,x,x,x,x,x,x,70722.0
Guatemala,1997,x,x,x,x,x,x,x,x,x,x,72133.0
Guatemala,1998,x,x,x,x,x,x,x,x,x,x,92427.0
Guatemala,1999,x,x,x,x,x,x,x,x,x,x,67775.0
Guernsey,1985,x,x,x,x,x,x,x,x,x,x,43.0
Guernsey,1986,x,x,x,x,x,x,x,x,x,x,42.0
Guernsey,1988,x,x,x,x,x,x,x,x,x,x,56.0
Guernsey,1989,x,x,x,x,x,x,x,x,x,x,61.0
Guernsey,1990,x,x,x,x,x,x,x,x,x,x,40.0
Guernsey,1991,x,x,x,x,x,x,x,x,x,x,42.0
Guernsey,1992,x,x,x,x,x,x,x,x,x,x,29.0
Guernsey,1993,x,x,x,x,x,x,x,x,x,x,29.0
Guernsey,1994,x,x,x,x,x,x,x,x,x,x,34.0
Guernsey,1995,x,x,x,x,x,x,x,x,x,x,36.0
Guernsey,1996,x,x,x,x,x,x,x,x,x,x,40.0
Guernsey,1997,x,x,x,x,x,x,x,x,x,x,35.0
Guernsey,1998,x,x,x,x,x,x,x,x,x,x,27.0
Guernsey,1999,x,x,x,x,x,x,x,x,x,x,36.0
Guernsey,2000,x,x,x,x,x,x,x,x,x,x,42.0
Hungary,1985,x,x,x,x,x,x,x,x,x,x,17934.0
Hungary,1986,x,x,x,x,x,x,x,x,x,x,17348.0
Hungary,1987,x,x,x,x,x,x,x,x,x,x,16954.0
Hungary,1988,x,x,x,x,x,x,x,x,x,x,15993.0
Hungary,1989,x,x,x,x,x,x,x,x,x,x,15106.0
Hungary,1990,x,x,x,x,x,x,x,x,x,x,15424.0
Hungary,1991,x,x,x,x,x,x,x,x,x,x,15608.0
Hungary,1992,x,x,x,x,x,x,x,x,x,x,15123.0
Hungary,1993,x,x,x,x,x,x,x,x,x,x,14743.0
Hungary,1994,x,x,x,x,x,x,x,x,x,x,14443.0
Hungary,1995,x,x,x,x,x,x,x,x,x,x,12915.0
Hungary,1996,x,x,x,x,x,x,x,x,x,x,11538.0
Hungary,1997,x,x,x,x,x,x,x,x,x,x,10251.0
Hungary,1998,x,x,x,x,x,x,x,x,x,x,9175.0
Hungary,1999,x,x,x,x,x,x,x,x,x,x,7979.0
Hungary,2000,x,x,x,x,x,x,x,x,x,x,7718.0
Hungary,2001,x,x,x,x,x,x,x,x,x,x,7183.0
Hungary,2002,x,x,x,x,x,x,x,x,x,x,6907.0
Hungary,2003,x,x,x,x,x,x,x,x,x,x,6601.0
Hungary,2004,x,x,x,x,x,x,x,x,x,x,6560.0
Hungary,2005,x,x,x,x,x,x,x,x,x,x,6286.0
Iceland,1985,x,x,x,x,x,x,x,x,x,x,358.0
Iceland,1986,x,x,x,x,x,x,x,x,x,x,316.0
Iceland,1987,x,x,x,x,x,x,x,x,x,x,296.0
Iceland,1988,x,x,x,x,x,x,x,x,x,x,326.0
Iceland,1989,x,x,x,x,x,x,x,x,x,x,301.0
Iceland,1990,x,x,x,x,x,x,x,x,x,x,315.0
Iceland,1991,x,x,x,x,x,x,x,x,x,x,298.0
Iceland,1992,x,x,x,x,x,x,x,x,x,x,282.0
Iceland,1993,x,x,x,x,x,x,x,x,x,x,237.0
Iceland,1994,x,x,x,x,x,x,x,x,x,x,237.0
Iceland,1995,x,x,x,x,x,x,x,x,x,x,238.0
Iceland,1996,x,x,x,x,x,x,x,x,x,x,224.0
Iceland,1997,x,x,x,x,x,x,x,x,x,x,254.0
Iceland,1998,x,x,x,x,x,x,x,x,x,x,264.0
Iceland,1999,x,x,x,x,x,x,x,x,x,x,260.0
Iceland,2000,x,x,x,x,x,x,x,x,x,x,241.0
Iceland,2001,x,x,x,x,x,x,x,x,x,x,204.0
Iceland,2002,x,x,x,x,x,x,x,x,x,x,188.0
Iceland,2003,x,x,x,x,x,x,x,x,x,x,164.0
Iceland,2004,x,x,x,x,x,x,x,x,x,x,129.0
Iceland,2005,x,x,x,x,x,x,x,x,x,x,151.0
Ireland,1985,x,x,x,x,x,x,x,x,x,x,2621.0
Ireland,1986,x,x,x,x,x,x,x,x,x,x,2618.0
Ireland,1987,x,x,x,x,x,x,x,x,x,x,2562.0
Ireland,1988,x,x,x,x,x,x,x,x,x,x,2456.0
Ireland,1989,x,x,x,x,x,x,x,x,x,x,2379.0
Ireland,1990,x,x,x,x,x,x,x,x,x,x,2668.0
Ireland,1991,x,x,x,x,x,x,x,x,x,x,2778.0
Ireland,1992,x,x,x,x,x,x,x,x,x,x,2714.0
Ireland,1993,x,x,x,x,x,x,x,x,x,x,2603.0
Ireland,1994,x,x,x,x,x,x,x,x,x,x,2417.0
Ireland,1995,x,x,x,x,x,x,x,x,x,x,2467.0
Ireland,1996,x,x,x,x,x,x,x,x,x,x,2700.0
Ireland,1997,x,x,x,x,x,x,x,x,x,x,2922.0
Ireland,1998,x,x,x,x,x,x,x,x,x,x,3138.0
Ireland,1999,x,x,x,x,x,x,x,x,x,x,3301.0
Ireland,2001,x,x,x,x,x,x,x,x,x,x,3078.0
Ireland,2002,x,x,x,x,x,x,x,x,x,x,2971.0
Ireland,2003,x,x,x,x,x,x,x,x,x,x,2803.0
Ireland,2004,x,x,x,x,x,x,x,x,x,x,2560.0
Ireland,2005,x,x,x,x,x,x,x,x,x,x,2427.0
Israel,1985,x,x,x,x,x,x,x,x,x,x,4587.0
Israel,1986,x,x,x,x,x,x,x,x,x,x,4049.0
Israel,1987,x,x,x,x,x,x,x,x,x,x,4090.0
Israel,1988,x,x,x,x,x,x,x,x,x,x,4227.0
Israel,1989,x,x,x,x,x,x,x,x,x,x,4198.0
Israel,1990,x,x,x,x,x,x,x,x,x,x,4229.0
Israel,1991,x,x,x,x,x,x,x,x,x,x,4577.0
Israel,1992,x,x,x,x,x,x,x,x,x,x,4640.0
Israel,1993,x,x,x,x,x,x,x,x,x,x,4542.0
Israel,1994,x,x,x,x,x,x,x,x,x,x,4484.0
Israel,1995,x,x,x,x,x,x,x,x,x,x,4446.0
Israel,1996,x,x,x,x,x,x,x,x,x,x,4527.0
Israel,1997,x,x,x,x,x,x,x,x,x,x,4182.0
Israel,1998,x,x,x,x,x,x,x,x,x,x,4565.0
Israel,1999,x,x,x,x,x,x,x,x,x,x,4549.0
Israel,2000,x,x,x,x,x,x,x,x,x,x,4544.0
Israel,2001,x,x,x,x,x,x,x,x,x,x,4472.0
Israel,2002,x,x,x,x,x,x,x,x,x,x,4355.0
Israel,2003,x,x,x,x,x,x,x,x,x,x,4277.0
Israel,2004,x,x,x,x,x,x,x,x,x,x,4248.0
Israel,2005,x,x,x,x,x,x,x,x,x,x,4104.0
Italy,1985,x,x,x,x,x,x,x,x,x,x,27299.0
Italy,1988,x,x,x,x,x,x,x,x,x,x,21291.0
Italy,1989,x,x,x,x,x,x,x,x,x,x,19853.0
Italy,1990,x,x,x,x,x,x,x,x,x,x,18382.0
Italy,1991,x,x,x,x,x,x,x,x,x,x,17093.0
Italy,1993,x,x,x,x,x,x,x,x,x,x,15101.0
Italy,1995,x,x,x,x,x,x,x,x,x,x,11995.0
Italy,1996,x,x,x,x,x,x,x,x,x,x,11153.0
Italy,1999,x,x,x,x,x,x,x,x,x,x,10562.598
Italy,2000,x,x,x,x,x,x,x,x,x,x,10718.148000000001
Italy,2002,x,x,x,x,x,x,x,x,x,x,9664.0
Italy,2003,x,x,x,x,x,x,x,x,x,x,9259.0
Italy,2004,x,x,x,x,x,x,x,x,x,x,9741.0
Italy,2005,x,x,x,x,x,x,x,x,x,x,9419.0
Jamaica,1986,x,x,x,x,x,x,x,x,x,x,13163.0
Jamaica,1987,x,x,x,x,x,x,x,x,x,x,13015.0
Jamaica,1988,x,x,x,x,x,x,x,x,x,x,12930.0
Jamaica,1989,x,x,x,x,x,x,x,x,x,x,13203.0
Jamaica,1995,x,x,x,x,x,x,x,x,x,x,11915.0
Jamaica,1996,x,x,x,x,x,x,x,x,x,x,11160.0
Jamaica,2000,x,x,x,x,x,x,x,x,x,x,10000.0
Jamaica,2001,x,x,x,x,x,x,x,x,x,x,9817.0
Jamaica,2002,x,x,x,x,x,x,x,x,x,x,8808.0
Jamaica,2003,x,x,x,x,x,x,x,x,x,x,8421.0
Jamaica,2004,x,x,x,x,x,x,x,x,x,x,8234.0
Japan,1985,x,x,x,x,x,x,x,x,x,x,17877.0
Japan,1986,x,x,x,x,x,x,x,x,x,x,17707.0
Japan,1987,x,x,x,x,x,x,x,x,x,x,17558.0
Japan,1988,x,x,x,x,x,x,x,x,x,x,17334.0
Japan,1989,x,x,x,x,x,x,x,x,x,x,17198.0
Japan,1990,x,x,x,x,x,x,x,x,x,x,17496.0
Japan,1991,x,x,x,x,x,x,x,x,x,x,18443.0
Japan,1992,x,x,x,x,x,x,x,x,x,x,18394.0
Japan,1993,x,x,x,x,x,x,x,x,x,x,17452.0
Japan,1994,x,x,x,x,x,x,x,x,x,x,17095.0
Japan,1995,x,x,x,x,x,x,x,x,x,x,16112.0
Japan,1996,x,x,x,x,x,x,x,x,x,x,15621.0
Japan,1997,x,x,x,x,x,x,x,x,x,x,16634.0
Japan,1998,x,x,x,x,x,x,x,x,x,x,17501.0
Japan,1999,x,x,x,x,x,x,x,x,x,x,18253.0
Japan,2000,x,x,x,x,x,x,x,x,x,x,19772.0
Japan,2001,x,x,x,x,x,x,x,x,x,x,20965.0
Japan,2002,x,x,x,x,x,x,x,x,x,x,21401.0
Japan,2003,x,x,x,x,x,x,x,x,x,x,19581.0
Japan,2004,x,x,x,x,x,x,x,x,x,x,18591.0
Japan,2005,x,x,x,x,x,x,x,x,x,x,16573.0
Jersey,1985,x,x,x,x,x,x,x,x,x,x,31.0
Jersey,1986,x,x,x,x,x,x,x,x,x,x,35.0
Jersey,1987,x,x,x,x,x,x,x,x,x,x,39.0
Jersey,1988,x,x,x,x,x,x,x,x,x,x,35.0
Jersey,1989,x,x,x,x,x,x,x,x,x,x,31.0
Jersey,1991,x,x,x,x,x,x,x,x,x,x,36.0
Jersey,1992,x,x,x,x,x,x,x,x,x,x,37.0
Jersey,1993,x,x,x,x,x,x,x,x,x,x,50.0
Jersey,1994,x,x,x,x,x,x,x,x,x,x,32.0
Jersey,2005,x,x,x,x,x,x,x,x,x,x,19.0
Kazakhstan,1987,x,x,x,x,x,x,x,x,x,x,28567.0
Kazakhstan,1988,x,x,x,x,x,x,x,x,x,x,29977.0
Kazakhstan,1989,x,x,x,x,x,x,x,x,x,x,33215.0
Kazakhstan,1990,x,x,x,x,x,x,x,x,x,x,36493.0
Kazakhstan,1991,x,x,x,x,x,x,x,x,x,x,38706.0
Kazakhstan,1992,x,x,x,x,x,x,x,x,x,x,37802.0
Kazakhstan,1993,x,x,x,x,x,x,x,x,x,x,38694.0
Kazakhstan,1994,x,x,x,x,x,x,x,x,x,x,39981.0
Kazakhstan,1995,x,x,x,x,x,x,x,x,x,x,36096.0
Kazakhstan,1996,x,x,x,x,x,x,x,x,x,x,32014.0
Kazakhstan,1997,x,x,x,x,x,x,x,x,x,x,27791.0
Kazakhstan,1998,x,x,x,x,x,x,x,x,x,x,25621.0
Kazakhstan,1999,x,x,x,x,x,x,x,x,x,x,22882.0
Kazakhstan,2000,x,x,x,x,x,x,x,x,x,x,21619.0
Kazakhstan,2001,x,x,x,x,x,x,x,x,x,x,20341.0
Kazakhstan,2002,x,x,x,x,x,x,x,x,x,x,19092.0
Kazakhstan,2003,x,x,x,x,x,x,x,x,x,x,19744.0
Kazakhstan,2004,x,x,x,x,x,x,x,x,x,x,21068.0
Kazakhstan,2005,x,x,x,x,x,x,x,x,x,x,20807.0
Kuwait,1985,x,x,x,x,x,x,x,x,x,x,3571.0
Kuwait,1986,x,x,x,x,x,x,x,x,x,x,3319.0
Kuwait,1987,x,x,x,x,x,x,x,x,x,x,2988.0
Kuwait,1991,x,x,x,x,x,x,x,x,x,x,831.0
Kuwait,1992,x,x,x,x,x,x,x,x,x,x,1415.0
Kuwait,1993,x,x,x,x,x,x,x,x,x,x,1960.0
Kuwait,1994,x,x,x,x,x,x,x,x,x,x,1844.0
Kuwait,1995,x,x,x,x,x,x,x,x,x,x,1808.0
Kuwait,1996,x,x,x,x,x,x,x,x,x,x,1797.0
Kuwait,1998,x,x,x,x,x,x,x,x,x,x,1281.0
Kuwait,1999,x,x,x,x,x,x,x,x,x,x,1301.0
Kuwait,2000,x,x,x,x,x,x,x,x,x,x,1271.0
Kuwait,2002,x,x,x,x,x,x,x,x,x,x,1316.0
Kuwait,2003,x,x,x,x,x,x,x,x,x,x,1365.0
Kuwait,2004,x,x,x,x,x,x,x,x,x,x,1292.0
Kuwait,2005,x,x,x,x,x,x,x,x,x,x,1244.0
Kyrgyzstan,1985,x,x,x,x,x,x,x,x,x,x,7893.0
Kyrgyzstan,1986,x,x,x,x,x,x,x,x,x,x,8172.0
Kyrgyzstan,1987,x,x,x,x,x,x,x,x,x,x,8447.0
Kyrgyzstan,1988,x,x,x,x,x,x,x,x,x,x,8375.0
Kyrgyzstan,1989,x,x,x,x,x,x,x,x,x,x,9065.0
Kyrgyzstan,1990,x,x,x,x,x,x,x,x,x,x,9798.0
Kyrgyzstan,1991,x,x,x,x,x,x,x,x,x,x,10984.0
Kyrgyzstan,1992,x,x,x,x,x,x,x,x,x,x,11953.0
Kyrgyzstan,1993,x,x,x,x,x,x,x,x,x,x,12669.0
Kyrgyzstan,1994,x,x,x,x,x,x,x,x,x,x,11927.0
Kyrgyzstan,1995,x,x,x,x,x,x,x,x,x,x,12406.0
Kyrgyzstan,1996,x,x,x,x,x,x,x,x,x,x,12191.0
Kyrgyzstan,1997,x,x,x,x,x,x,x,x,x,x,10554.0
Kyrgyzstan,1998,x,x,x,x,x,x,x,x,x,x,10323.0
Kyrgyzstan,1999,x,x,x,x,x,x,x,x,x,x,9664.0
Kyrgyzstan,2000,x,x,x,x,x,x,x,x,x,x,8727.0
Kyrgyzstan,2001,x,x,x,x,x,x,x,x,x,x,8664.0
Kyrgyzstan,2002,x,x,x,x,x,x,x,x,x,x,8302.0
Kyrgyzstan,2003,x,x,x,x,x,x,x,x,x,x,7982.0
Kyrgyzstan,2004,x,x,x,x,x,x,x,x,x,x,7729.0
Kyrgyzstan,2005,x,x,x,x,x,x,x,x,x,x,7513.0
Latvia,1986,x,x,x,x,x,x,x,x,x,x,3754.0
Latvia,1987,x,x,x,x,x,x,x,x,x,x,3820.0
Latvia,1988,x,x,x,x,x,x,x,x,x,x,3939.0
Latvia,1989,x,x,x,x,x,x,x,x,x,x,3991.0
Latvia,1990,x,x,x,x,x,x,x,x,x,x,4436.0
Latvia,1991,x,x,x,x,x,x,x,x,x,x,4406.0
Latvia,1992,x,x,x,x,x,x,x,x,x,x,4059.0
Latvia,1993,x,x,x,x,x,x,x,x,x,x,3623.0
Latvia,1994,x,x,x,x,x,x,x,x,x,x,2770.0
Latvia,1995,x,x,x,x,x,x,x,x,x,x,2416.0
Latvia,1996,x,x,x,x,x,x,x,x,x,x,2080.0
Latvia,1997,x,x,x,x,x,x,x,x,x,x,1748.0
Latvia,1998,x,x,x,x,x,x,x,x,x,x,1576.0
Latvia,1999,x,x,x,x,x,x,x,x,x,x,1629.0
Latvia,2000,x,x,x,x,x,x,x,x,x,x,1606.0
Latvia,2001,x,x,x,x,x,x,x,x,x,x,1535.0
Latvia,2002,x,x,x,x,x,x,x,x,x,x,1457.0
Latvia,2004,x,x,x,x,x,x,x,x,x,x,1459.0
Latvia,2005,x,x,x,x,x,x,x,x,x,x,1429.0
Libya,1996,x,x,x,x,x,x,x,x,x,x,2676.0
Libya,2000,x,x,x,x,x,x,x,x,x,x,4743.0
Libya,2002,x,x,x,x,x,x,x,x,x,x,1196.0
Liechtenstein,1986,x,x,x,x,x,x,x,x,x,x,7.0
Liechtenstein,1987,x,x,x,x,x,x,x,x,x,x,6.0
Liechtenstein,1993,x,x,x,x,x,x,x,x,x,x,8.0
Liechtenstein,1994,x,x,x,x,x,x,x,x,x,x,9.0
Liechtenstein,1995,x,x,x,x,x,x,x,x,x,x,9.0
Liechtenstein,1996,x,x,x,x,x,x,x,x,x,x,9.0
Liechtenstein,1997,x,x,x,x,x,x,x,x,x,x,2.0
Liechtenstein,2000,x,x,x,x,x,x,x,x,x,x,6.0
Liechtenstein,2001,x,x,x,x,x,x,x,x,x,x,9.0
Liechtenstein,2002,x,x,x,x,x,x,x,x,x,x,4.0
Liechtenstein,2003,x,x,x,x,x,x,x,x,x,x,9.0
Liechtenstein,2004,x,x,x,x,x,x,x,x,x,x,4.0
Liechtenstein,2005,x,x,x,x,x,x,x,x,x,x,7.0
Lithuania,1985,x,x,x,x,x,x,x,x,x,x,2972.0
Lithuania,1986,x,x,x,x,x,x,x,x,x,x,3099.0
Lithuania,1987,x,x,x,x,x,x,x,x,x,x,3236.0
Lithuania,1988,x,x,x,x,x,x,x,x,x,x,4451.0
Lithuania,1989,x,x,x,x,x,x,x,x,x,x,4966.0
Lithuania,1990,x,x,x,x,x,x,x,x,x,x,5560.0
Lithuania,1991,x,x,x,x,x,x,x,x,x,x,6276.0
Lithuania,1992,x,x,x,x,x,x,x,x,x,x,6278.0
Lithuania,1993,x,x,x,x,x,x,x,x,x,x,5568.0
Lithuania,1994,x,x,x,x,x,x,x,x,x,x,5275.0
Lithuania,1995,x,x,x,x,x,x,x,x,x,x,5114.0
Lithuania,1996,x,x,x,x,x,x,x,x,x,x,4693.0
Lithuania,1997,x,x,x,x,x,x,x,x,x,x,4142.0
Lithuania,1998,x,x,x,x,x,x,x,x,x,x,3747.0
Lithuania,1999,x,x,x,x,x,x,x,x,x,x,3362.0
Lithuania,2000,x,x,x,x,x,x,x,x,x,x,3182.0
Lithuania,2001,x,x,x,x,x,x,x,x,x,x,2786.0
Lithuania,2002,x,x,x,x,x,x,x,x,x,x,2792.0
Lithuania,2003,x,x,x,x,x,x,x,x,x,x,2801.0
Lithuania,2004,x,x,x,x,x,x,x,x,x,x,2619.0
Lithuania,2005,x,x,x,x,x,x,x,x,x,x,2494.0
Luxembourg,1985,x,x,x,x,x,x,x,x,x,x,137.0
Luxembourg,1986,x,x,x,x,x,x,x,x,x,x,121.0
Luxembourg,1987,x,x,x,x,x,x,x,x,x,x,141.0
Luxembourg,1988,x,x,x,x,x,x,x,x,x,x,154.0
Luxembourg,1989,x,x,x,x,x,x,x,x,x,x,122.0
Luxembourg,1990,x,x,x,x,x,x,x,x,x,x,149.0
Luxembourg,1991,x,x,x,x,x,x,x,x,x,x,140.0
Luxembourg,1992,x,x,x,x,x,x,x,x,x,x,127.0
Luxembourg,1993,x,x,x,x,x,x,x,x,x,x,137.0
Luxembourg,1994,x,x,x,x,x,x,x,x,x,x,125.0
Luxembourg,1995,x,x,x,x,x,x,x,x,x,x,115.0
Luxembourg,1996,x,x,x,x,x,x,x,x,x,x,111.0
Luxembourg,1998,x,x,x,x,x,x,x,x,x,x,111.0
Luxembourg,2000,x,x,x,x,x,x,x,x,x,x,146.0
Luxembourg,2001,x,x,x,x,x,x,x,x,x,x,150.0
Luxembourg,2002,x,x,x,x,x,x,x,x,x,x,154.0
Luxembourg,2003,x,x,x,x,x,x,x,x,x,x,138.0
Luxembourg,2004,x,x,x,x,x,x,x,x,x,x,141.0
Luxembourg,2005,x,x,x,x,x,x,x,x,x,x,158.0
Malaysia,2001,x,x,x,x,x,x,x,x,x,x,17944.0
Malaysia,2002,x,x,x,x,x,x,x,x,x,x,15891.0
Malaysia,2003,x,x,x,x,x,x,x,x,x,x,16052.0
Malaysia,2004,x,x,x,x,x,x,x,x,x,x,16357.0
Malaysia,2005,x,x,x,x,x,x,x,x,x,x,15752.0
Maldives,1996,x,x,x,x,x,x,x,x,x,x,677.0
Maldives,1999,x,x,x,x,x,x,x,x,x,x,589.0
Maldives,2000,x,x,x,x,x,x,x,x,x,x,518.0
Maldives,2001,x,x,x,x,x,x,x,x,x,x,508.0
Maldives,2002,x,x,x,x,x,x,x,x,x,x,379.0
Maldives,2003,x,x,x,x,x,x,x,x,x,x,281.0
Mali,1987,x,x,x,x,x,x,x,x,x,x,58366.0
Malta,1985,x,x,x,x,x,x,x,x,x,x,139.0
Malta,1986,x,x,x,x,x,x,x,x,x,x,147.0
Malta,1987,x,x,x,x,x,x,x,x,x,x,141.0
Malta,1988,x,x,x,x,x,x,x,x,x,x,138.0
Malta,1989,x,x,x,x,x,x,x,x,x,x,148.0
Malta,1990,x,x,x,x,x,x,x,x,x,x,144.0
Malta,1992,x,x,x,x,x,x,x,x,x,x,164.0
Malta,1993,x,x,x,x,x,x,x,x,x,x,176.0
Malta,1994,x,x,x,x,x,x,x,x,x,x,150.0
Malta,1995,x,x,x,x,x,x,x,x,x,x,142.0
Malta,1996,x,x,x,x,x,x,x,x,x,x,239.0
Malta,1997,x,x,x,x,x,x,x,x,x,x,243.0
Malta,1998,x,x,x,x,x,x,x,x,x,x,234.0
Malta,1999,x,x,x,x,x,x,x,x,x,x,233.0
Malta,2000,x,x,x,x,x,x,x,x,x,x,239.0
Malta,2001,x,x,x,x,x,x,x,x,x,x,240.0
Malta,2002,x,x,x,x,x,x,x,x,x,x,232.0
Malta,2003,x,x,x,x,x,x,x,x,x,x,219.0
Malta,2004,x,x,x,x,x,x,x,x,x,x,223.0
Malta,2005,x,x,x,x,x,x,x,x,x,x,230.0
Martinique,1985,x,x,x,x,x,x,x,x,x,x,571.0
Martinique,1986,x,x,x,x,x,x,x,x,x,x,594.0
Martinique,1987,x,x,x,x,x,x,x,x,x,x,598.0
Martinique,1988,x,x,x,x,x,x,x,x,x,x,512.0
Martinique,1989,x,x,x,x,x,x,x,x,x,x,607.0
Martinique,1990,x,x,x,x,x,x,x,x,x,x,550.0
Martinique,1991,x,x,x,x,x,x,x,x,x,x,520.0
Martinique,1992,x,x,x,x,x,x,x,x,x,x,445.0
Martinique,1999,x,x,x,x,x,x,x,x,x,x,387.0
Martinique,2000,x,x,x,x,x,x,x,x,x,x,396.0
Martinique,2001,x,x,x,x,x,x,x,x,x,x,409.0
Martinique,2002,x,x,x,x,x,x,x,x,x,x,403.0
Martinique,2003,x,x,x,x,x,x,x,x,x,x,403.0
Martinique,2005,x,x,x,x,x,x,x,x,x,x,308.0
Mauritius,1990,x,x,x,x,x,x,x,x,x,x,2129.0
Mauritius,1991,x,x,x,x,x,x,x,x,x,x,2229.0
Mauritius,1992,x,x,x,x,x,x,x,x,x,x,2220.0
Mauritius,1994,x,x,x,x,x,x,x,x,x,x,2328.0
Mauritius,1995,x,x,x,x,x,x,x,x,x,x,2180.0
Mauritius,1996,x,x,x,x,x,x,x,x,x,x,2174.0
Mauritius,1997,x,x,x,x,x,x,x,x,x,x,2100.0
Mauritius,1998,x,x,x,x,x,x,x,x,x,x,1979.0
Mauritius,1999,x,x,x,x,x,x,x,x,x,x,1955.0
Mauritius,2000,x,x,x,x,x,x,x,x,x,x,1960.0
Mauritius,2001,x,x,x,x,x,x,x,x,x,x,1713.0
Mauritius,2002,x,x,x,x,x,x,x,x,x,x,1730.0
Mauritius,2003,x,x,x,x,x,x,x,x,x,x,1720.0
Mauritius,2005,x,x,x,x,x,x,x,x,x,x,1560.0
Mongolia,1990,x,x,x,x,x,x,x,x,x,x,4468.0
Mongolia,1994,x,x,x,x,x,x,x,x,x,x,4500.0
Mongolia,1995,x,x,x,x,x,x,x,x,x,x,3990.0
Mongolia,1996,x,x,x,x,x,x,x,x,x,x,3747.0
Mongolia,1997,x,x,x,x,x,x,x,x,x,x,4917.0
Mongolia,1998,x,x,x,x,x,x,x,x,x,x,3708.0
Mongolia,1999,x,x,x,x,x,x,x,x,x,x,3995.0
Mongolia,2000,x,x,x,x,x,x,x,x,x,x,3666.0
Mongolia,2001,x,x,x,x,x,x,x,x,x,x,4046.0
Mongolia,2002,x,x,x,x,x,x,x,x,x,x,3068.0
Mongolia,2003,x,x,x,x,x,x,x,x,x,x,2680.0
Mongolia,2004,x,x,x,x,x,x,x,x,x,x,2761.0
Mongolia,2005,x,x,x,x,x,x,x,x,x,x,2262.0
Montenegro,1990,x,x,x,x,x,x,x,x,x,x,666.0
Montenegro,2000,x,x,x,x,x,x,x,x,x,x,543.0
Montenegro,2003,x,x,x,x,x,x,x,x,x,x,429.0
Montenegro,2004,x,x,x,x,x,x,x,x,x,x,396.0
Montenegro,2005,x,x,x,x,x,x,x,x,x,x,376.0
Montserrat,1985,x,x,x,x,x,x,x,x,x,x,68.0
Montserrat,1986,x,x,x,x,x,x,x,x,x,x,51.0
Montserrat,1994,x,x,x,x,x,x,x,x,x,x,15.0
Montserrat,1995,x,x,x,x,x,x,x,x,x,x,19.0
Montserrat,1996,x,x,x,x,x,x,x,x,x,x,9.0
Montserrat,1997,x,x,x,x,x,x,x,x,x,x,20.0
Montserrat,1998,x,x,x,x,x,x,x,x,x,x,4.0
Montserrat,1999,x,x,x,x,x,x,x,x,x,x,7.0
Morocco,1990,x,x,x,x,x,x,x,x,x,x,31012.0
Morocco,1991,x,x,x,x,x,x,x,x,x,x,34742.0
Morocco,1993,x,x,x,x,x,x,x,x,x,x,49847.0
Morocco,1995,x,x,x,x,x,x,x,x,x,x,37211.0
Morocco,1996,x,x,x,x,x,x,x,x,x,x,48372.0
Morocco,1997,x,x,x,x,x,x,x,x,x,x,50632.0
Morocco,1998,x,x,x,x,x,x,x,x,x,x,50083.0
Morocco,1999,x,x,x,x,x,x,x,x,x,x,48561.0
Morocco,2000,x,x,x,x,x,x,x,x,x,x,47467.0
Morocco,2001,x,x,x,x,x,x,x,x,x,x,46065.0
Netherlands,1985,x,x,x,x,x,x,x,x,x,x,4116.0
Netherlands,1986,x,x,x,x,x,x,x,x,x,x,4051.0
Netherlands,1987,x,x,x,x,x,x,x,x,x,x,3985.0
Netherlands,1988,x,x,x,x,x,x,x,x,x,x,4187.0
Netherlands,1989,x,x,x,x,x,x,x,x,x,x,4243.0
Netherlands,1990,x,x,x,x,x,x,x,x,x,x,4377.0
Netherlands,1991,x,x,x,x,x,x,x,x,x,x,4131.0
Netherlands,1992,x,x,x,x,x,x,x,x,x,x,3682.0
Netherlands,1993,x,x,x,x,x,x,x,x,x,x,3347.0
Netherlands,1994,x,x,x,x,x,x,x,x,x,x,3139.0
Netherlands,1995,x,x,x,x,x,x,x,x,x,x,2635.0
Netherlands,1996,x,x,x,x,x,x,x,x,x,x,2511.0
Netherlands,1998,x,x,x,x,x,x,x,x,x,x,2832.0
Netherlands,2000,x,x,x,x,x,x,x,x,x,x,2503.0
Netherlands,2001,x,x,x,x,x,x,x,x,x,x,2686.0
Netherlands,2002,x,x,x,x,x,x,x,x,x,x,2649.0
Netherlands,2003,x,x,x,x,x,x,x,x,x,x,2484.0
Netherlands,2004,x,x,x,x,x,x,x,x,x,x,2182.0
Netherlands,2005,x,x,x,x,x,x,x,x,x,x,2023.0
New Caledonia,1985,x,x,x,x,x,x,x,x,x,x,438.0
New Caledonia,1987,x,x,x,x,x,x,x,x,x,x,369.0
New Caledonia,1990,x,x,x,x,x,x,x,x,x,x,444.0
New Caledonia,1991,x,x,x,x,x,x,x,x,x,x,432.0
New Caledonia,1992,x,x,x,x,x,x,x,x,x,x,385.0
New Caledonia,1993,x,x,x,x,x,x,x,x,x,x,311.0
New Caledonia,1994,x,x,x,x,x,x,x,x,x,x,292.0
New Caledonia,1995,x,x,x,x,x,x,x,x,x,x,151.0
New Caledonia,1996,x,x,x,x,x,x,x,x,x,x,156.0
New Caledonia,1997,x,x,x,x,x,x,x,x,x,x,161.0
New Caledonia,1998,x,x,x,x,x,x,x,x,x,x,145.0
New Caledonia,1999,x,x,x,x,x,x,x,x,x,x,243.0
New Caledonia,2000,x,x,x,x,x,x,x,x,x,x,269.0
New Caledonia,2001,x,x,x,x,x,x,x,x,x,x,246.0
New Caledonia,2002,x,x,x,x,x,x,x,x,x,x,228.0
New Caledonia,2003,x,x,x,x,x,x,x,x,x,x,190.0
New Caledonia,2005,x,x,x,x,x,x,x,x,x,x,224.0
New Zealand,1985,x,x,x,x,x,x,x,x,x,x,4535.0
New Zealand,1986,x,x,x,x,x,x,x,x,x,x,4502.0
New Zealand,1987,x,x,x,x,x,x,x,x,x,x,4801.0
New Zealand,1988,x,x,x,x,x,x,x,x,x,x,4802.0
New Zealand,1989,x,x,x,x,x,x,x,x,x,x,4989.0
New Zealand,1990,x,x,x,x,x,x,x,x,x,x,5037.0
New Zealand,1991,x,x,x,x,x,x,x,x,x,x,4907.0
New Zealand,1992,x,x,x,x,x,x,x,x,x,x,4626.0
New Zealand,1993,x,x,x,x,x,x,x,x,x,x,4386.0
New Zealand,1994,x,x,x,x,x,x,x,x,x,x,4203.0
New Zealand,1995,x,x,x,x,x,x,x,x,x,x,4444.0
New Zealand,1996,x,x,x,x,x,x,x,x,x,x,4406.0
New Zealand,1997,x,x,x,x,x,x,x,x,x,x,4401.0
New Zealand,1998,x,x,x,x,x,x,x,x,x,x,3924.0
New Zealand,1999,x,x,x,x,x,x,x,x,x,x,3884.0
New Zealand,2000,x,x,x,x,x,x,x,x,x,x,3818.0
New Zealand,2001,x,x,x,x,x,x,x,x,x,x,3773.0
New Zealand,2002,x,x,x,x,x,x,x,x,x,x,3622.0
New Zealand,2003,x,x,x,x,x,x,x,x,x,x,3784.0
New Zealand,2004,x,x,x,x,x,x,x,x,x,x,4044.0
New Zealand,2005,x,x,x,x,x,x,x,x,x,x,4136.0
Norfolk Island,1988,x,x,x,x,x,x,x,x,x,x,1.0
Norway,1985,x,x,x,x,x,x,x,x,x,x,2907.0
Norway,1986,x,x,x,x,x,x,x,x,x,x,2975.0
Norway,1987,x,x,x,x,x,x,x,x,x,x,2882.0
Norway,1988,x,x,x,x,x,x,x,x,x,x,2940.0
Norway,1989,x,x,x,x,x,x,x,x,x,x,2805.0
Norway,1990,x,x,x,x,x,x,x,x,x,x,2642.0
Norway,1991,x,x,x,x,x,x,x,x,x,x,2507.0
Norway,1992,x,x,x,x,x,x,x,x,x,x,2304.0
Norway,1993,x,x,x,x,x,x,x,x,x,x,2079.0
Norway,1995,x,x,x,x,x,x,x,x,x,x,1781.0
Norway,1996,x,x,x,x,x,x,x,x,x,x,1762.0
Norway,1997,x,x,x,x,x,x,x,x,x,x,1654.0
Norway,1998,x,x,x,x,x,x,x,x,x,x,1607.0
Norway,1999,x,x,x,x,x,x,x,x,x,x,1514.0
Norway,2001,x,x,x,x,x,x,x,x,x,x,1441.0
Norway,2002,x,x,x,x,x,x,x,x,x,x,1326.0
Norway,2003,x,x,x,x,x,x,x,x,x,x,1221.0
Norway,2004,x,x,x,x,x,x,x,x,x,x,1134.0
Norway,2005,x,x,x,x,x,x,x,x,x,x,1153.0
Palau,1989,x,x,x,x,x,x,x,x,x,x,31.0
Palau,1990,x,x,x,x,x,x,x,x,x,x,52.0
Palau,1991,x,x,x,x,x,x,x,x,x,x,44.0
Palau,1992,x,x,x,x,x,x,x,x,x,x,51.0
Palau,1993,x,x,x,x,x,x,x,x,x,x,51.0
Palau,1994,x,x,x,x,x,x,x,x,x,x,36.0
Palau,1995,x,x,x,x,x,x,x,x,x,x,47.0
Palau,1996,x,x,x,x,x,x,x,x,x,x,42.0
Palau,1997,x,x,x,x,x,x,x,x,x,x,39.0
Palau,1998,x,x,x,x,x,x,x,x,x,x,27.0
Palau,1999,x,x,x,x,x,x,x,x,x,x,20.0
Palau,2000,x,x,x,x,x,x,x,x,x,x,16.0
Palau,2001,x,x,x,x,x,x,x,x,x,x,15.0
Palau,2002,x,x,x,x,x,x,x,x,x,x,25.0
Palau,2003,x,x,x,x,x,x,x,x,x,x,21.0
Palau,2004,x,x,x,x,x,x,x,x,x,x,18.0
Palau,2005,x,x,x,x,x,x,x,x,x,x,23.0
Panama,1985,x,x,x,x,x,x,x,x,x,x,11570.0
Panama,1986,x,x,x,x,x,x,x,x,x,x,11374.0
Panama,1987,x,x,x,x,x,x,x,x,x,x,11501.0
Panama,1988,x,x,x,x,x,x,x,x,x,x,11480.0
Panama,1989,x,x,x,x,x,x,x,x,x,x,11919.0
Panama,1990,x,x,x,x,x,x,x,x,x,x,11595.0
Panama,1991,x,x,x,x,x,x,x,x,x,x,11492.0
Panama,1992,x,x,x,x,x,x,x,x,x,x,11551.0
Panama,1993,x,x,x,x,x,x,x,x,x,x,11247.0
Panama,1994,x,x,x,x,x,x,x,x,x,x,11266.0
Panama,1995,x,x,x,x,x,x,x,x,x,x,11720.0
Panama,1996,x,x,x,x,x,x,x,x,x,x,11665.0
Panama,1997,x,x,x,x,x,x,x,x,x,x,13021.0
Panama,1998,x,x,x,x,x,x,x,x,x,x,12109.0
Panama,1999,x,x,x,x,x,x,x,x,x,x,12663.0
Panama,2000,x,x,x,x,x,x,x,x,x,x,12602.0
Panama,2002,x,x,x,x,x,x,x,x,x,x,11741.0
Panama,2003,x,x,x,x,x,x,x,x,x,x,11921.0
Panama,2005,x,x,x,x,x,x,x,x,x,x,12268.0
Philippines,1997,x,x,x,x,x,x,x,x,x,x,113806.0
Philippines,1998,x,x,x,x,x,x,x,x,x,x,115240.0
Philippines,1999,x,x,x,x,x,x,x,x,x,x,114205.0
Philippines,2000,x,x,x,x,x,x,x,x,x,x,126025.0
Philippines,2001,x,x,x,x,x,x,x,x,x,x,126721.0
Philippines,2002,x,x,x,x,x,x,x,x,x,x,123004.0
Philippines,2003,x,x,x,x,x,x,x,x,x,x,123865.0
Philippines,2004,x,x,x,x,x,x,x,x,x,x,135429.0
Philippines,2005,x,x,x,x,x,x,x,x,x,x,143953.0
Poland,1985,x,x,x,x,x,x,x,x,x,x,43041.0
Poland,1986,x,x,x,x,x,x,x,x,x,x,40562.0
Poland,1987,x,x,x,x,x,x,x,x,x,x,40659.0
Poland,1988,x,x,x,x,x,x,x,x,x,x,41004.0
Poland,1989,x,x,x,x,x,x,x,x,x,x,41488.0
Poland,1990,x,x,x,x,x,x,x,x,x,x,43875.0
Poland,1991,x,x,x,x,x,x,x,x,x,x,46380.0
Poland,1992,x,x,x,x,x,x,x,x,x,x,43458.0
Poland,1993,x,x,x,x,x,x,x,x,x,x,41236.0
Poland,1994,x,x,x,x,x,x,x,x,x,x,39477.0
Poland,1995,x,x,x,x,x,x,x,x,x,x,34697.0
Poland,1996,x,x,x,x,x,x,x,x,x,x,33512.0
Poland,1997,x,x,x,x,x,x,x,x,x,x,31256.0
Poland,1998,x,x,x,x,x,x,x,x,x,x,30413.0
Poland,1999,x,x,x,x,x,x,x,x,x,x,28769.0
Poland,2001,x,x,x,x,x,x,x,x,x,x,25832.0
Poland,2002,x,x,x,x,x,x,x,x,x,x,24331.0
Poland,2003,x,x,x,x,x,x,x,x,x,x,22514.0
Poland,2004,x,x,x,x,x,x,x,x,x,x,20502.0
Poland,2005,x,x,x,x,x,x,x,x,x,x,19295.0
Portugal,1985,x,x,x,x,x,x,x,x,x,x,13681.0
Portugal,1986,x,x,x,x,x,x,x,x,x,x,12663.0
Portugal,1987,x,x,x,x,x,x,x,x,x,x,11787.0
Portugal,1988,x,x,x,x,x,x,x,x,x,x,11163.0
Portugal,1989,x,x,x,x,x,x,x,x,x,x,10697.0
Portugal,1990,x,x,x,x,x,x,x,x,x,x,9994.0
Portugal,1991,x,x,x,x,x,x,x,x,x,x,9855.0
Portugal,1992,x,x,x,x,x,x,x,x,x,x,9456.0
Portugal,1993,x,x,x,x,x,x,x,x,x,x,9270.0
Portugal,1994,x,x,x,x,x,x,x,x,x,x,8557.0
Portugal,1995,x,x,x,x,x,x,x,x,x,x,8013.0
Portugal,1996,x,x,x,x,x,x,x,x,x,x,7860.0
Portugal,1997,x,x,x,x,x,x,x,x,x,x,7688.0
Portugal,2001,x,x,x,x,x,x,x,x,x,x,6873.0
Portugal,2002,x,x,x,x,x,x,x,x,x,x,6730.0
Portugal,2003,x,x,x,x,x,x,x,x,x,x,6143.0
Portugal,2004,x,x,x,x,x,x,x,x,x,x,5811.0
Portugal,2005,x,x,x,x,x,x,x,x,x,x,5515.0
Puerto Rico,1985,x,x,x,x,x,x,x,x,x,x,10978.0
Puerto Rico,1987,x,x,x,x,x,x,x,x,x,x,11221.0
Puerto Rico,1988,x,x,x,x,x,x,x,x,x,x,11027.0
Puerto Rico,1989,x,x,x,x,x,x,x,x,x,x,12032.0
Puerto Rico,1990,x,x,x,x,x,x,x,x,x,x,12505.0
Puerto Rico,1991,x,x,x,x,x,x,x,x,x,x,12212.0
Puerto Rico,1992,x,x,x,x,x,x,x,x,x,x,12374.0
Puerto Rico,1993,x,x,x,x,x,x,x,x,x,x,12820.0
Puerto Rico,1994,x,x,x,x,x,x,x,x,x,x,12779.0
Puerto Rico,1996,x,x,x,x,x,x,x,x,x,x,13004.0
Puerto Rico,1997,x,x,x,x,x,x,x,x,x,x,13305.0
Puerto Rico,1998,x,x,x,x,x,x,x,x,x,x,12327.0
Puerto Rico,1999,x,x,x,x,x,x,x,x,x,x,11780.0
Puerto Rico,2000,x,x,x,x,x,x,x,x,x,x,11390.0
Puerto Rico,2002,x,x,x,x,x,x,x,x,x,x,9607.0
Puerto Rico,2003,x,x,x,x,x,x,x,x,x,x,8999.0
Puerto Rico,2005,x,x,x,x,x,x,x,x,x,x,9140.0
Qatar,1985,x,x,x,x,x,x,x,x,x,x,571.0
Qatar,1986,x,x,x,x,x,x,x,x,x,x,636.0
Qatar,1987,x,x,x,x,x,x,x,x,x,x,587.0
Qatar,1988,x,x,x,x,x,x,x,x,x,x,732.0
Qatar,1989,x,x,x,x,x,x,x,x,x,x,753.0
Qatar,1990,x,x,x,x,x,x,x,x,x,x,673.0
Qatar,1991,x,x,x,x,x,x,x,x,x,x,580.0
Qatar,1992,x,x,x,x,x,x,x,x,x,x,571.0
Qatar,1993,x,x,x,x,x,x,x,x,x,x,564.0
Qatar,1994,x,x,x,x,x,x,x,x,x,x,511.0
Qatar,1996,x,x,x,x,x,x,x,x,x,x,392.0
Qatar,1997,x,x,x,x,x,x,x,x,x,x,355.0
Qatar,1998,x,x,x,x,x,x,x,x,x,x,379.0
Qatar,1999,x,x,x,x,x,x,x,x,x,x,390.0
Qatar,2000,x,x,x,x,x,x,x,x,x,x,338.0
Qatar,2001,x,x,x,x,x,x,x,x,x,x,348.0
Qatar,2002,x,x,x,x,x,x,x,x,x,x,408.0
Qatar,2003,x,x,x,x,x,x,x,x,x,x,360.0
Qatar,2004,x,x,x,x,x,x,x,x,x,x,374.0
Qatar,2005,x,x,x,x,x,x,x,x,x,x,345.0
Republic of Korea,1985,x,x,x,x,x,x,x,x,x,x,20949.0
Republic of Korea,1986,x,x,x,x,x,x,x,x,x,x,18397.0
Republic of Korea,1987,x,x,x,x,x,x,x,x,x,x,14959.0
Republic of Korea,1988,x,x,x,x,x,x,x,x,x,x,12359.0
Republic of Korea,1989,x,x,x,x,x,x,x,x,x,x,9566.0
Republic of Korea,1990,x,x,x,x,x,x,x,x,x,x,8764.0
Republic of Korea,1991,x,x,x,x,x,x,x,x,x,x,8695.0
Republic of Korea,1992,x,x,x,x,x,x,x,x,x,x,9087.0
Republic of Korea,1993,x,x,x,x,x,x,x,x,x,x,8608.0
Republic of Korea,1996,x,x,x,x,x,x,x,x,x,x,6425.0
Republic of Korea,1997,x,x,x,x,x,x,x,x,x,x,11966.0
Republic of Korea,1998,x,x,x,x,x,x,x,x,x,x,11232.0
Republic of Korea,1999,x,x,x,x,x,x,x,x,x,x,10210.0
Republic of Korea,2000,x,x,x,x,x,x,x,x,x,x,9218.0
Republic of Korea,2001,x,x,x,x,x,x,x,x,x,x,7753.0
Republic of Korea,2002,x,x,x,x,x,x,x,x,x,x,8746.0
Republic of Korea,2003,x,x,x,x,x,x,x,x,x,x,7705.0
Republic of Korea,2004,x,x,x,x,x,x,x,x,x,x,6895.0
Republic of Korea,2005,x,x,x,x,x,x,x,x,x,x,6260.0
Republic of Moldova,1987,x,x,x,x,x,x,x,x,x,x,8035.0
Republic of Moldova,1988,x,x,x,x,x,x,x,x,x,x,8527.0
Republic of Moldova,1989,x,x,x,x,x,x,x,x,x,x,9158.0
Republic of Moldova,1990,x,x,x,x,x,x,x,x,x,x,9837.0
Republic of Moldova,1991,x,x,x,x,x,x,x,x,x,x,10843.0
Republic of Moldova,1992,x,x,x,x,x,x,x,x,x,x,11084.0
Republic of Moldova,1995,x,x,x,x,x,x,x,x,x,x,11151.0
Republic of Moldova,1996,x,x,x,x,x,x,x,x,x,x,9664.0
Republic of Moldova,1998,x,x,x,x,x,x,x,x,x,x,7206.0
Republic of Moldova,1999,x,x,x,x,x,x,x,x,x,x,6625.0
Republic of Moldova,2000,x,x,x,x,x,x,x,x,x,x,6260.0
Republic of Moldova,2001,x,x,x,x,x,x,x,x,x,x,5940.0
Republic of Moldova,2002,x,x,x,x,x,x,x,x,x,x,5436.0
Republic of Moldova,2003,x,x,x,x,x,x,x,x,x,x,5258.0
Republic of Moldova,2004,x,x,x,x,x,x,x,x,x,x,5217.0
Romania,1985,x,x,x,x,x,x,x,x,x,x,56506.0
Romania,1986,x,x,x,x,x,x,x,x,x,x,65716.0
Romania,1987,x,x,x,x,x,x,x,x,x,x,70308.0
Romania,1988,x,x,x,x,x,x,x,x,x,x,61371.0
Romania,1989,x,x,x,x,x,x,x,x,x,x,55938.0
Romania,1990,x,x,x,x,x,x,x,x,x,x,47906.0
Romania,1991,x,x,x,x,x,x,x,x,x,x,46526.0
Romania,1992,x,x,x,x,x,x,x,x,x,x,45205.0
Romania,1993,x,x,x,x,x,x,x,x,x,x,45934.0
Romania,1994,x,x,x,x,x,x,x,x,x,x,44229.0
Romania,1995,x,x,x,x,x,x,x,x,x,x,40829.0
Romania,1996,x,x,x,x,x,x,x,x,x,x,38262.0
Romania,1997,x,x,x,x,x,x,x,x,x,x,37830.0
Romania,1998,x,x,x,x,x,x,x,x,x,x,35641.0
Romania,2000,x,x,x,x,x,x,x,x,x,x,32293.0
Romania,2001,x,x,x,x,x,x,x,x,x,x,29130.0
Romania,2002,x,x,x,x,x,x,x,x,x,x,26777.0
Romania,2003,x,x,x,x,x,x,x,x,x,x,28224.0
Romania,2005,x,x,x,x,x,x,x,x,x,x,28883.0
Russian Federation,1985,x,x,x,x,x,x,x,x,x,x,215894.0
Russian Federation,1986,x,x,x,x,x,x,x,x,x,x,216320.0
Russian Federation,1987,x,x,x,x,x,x,x,x,x,x,227920.0
Russian Federation,1988,x,x,x,x,x,x,x,x,x,x,236067.0
Russian Federation,1989,x,x,x,x,x,x,x,x,x,x,255766.0
Russian Federation,1990,x,x,x,x,x,x,x,x,x,x,275547.0
Russian Federation,1991,x,x,x,x,x,x,x,x,x,x,275912.0
Russian Federation,1992,x,x,x,x,x,x,x,x,x,x,261206.0
Russian Federation,1993,x,x,x,x,x,x,x,x,x,x,243527.0
Russian Federation,1994,x,x,x,x,x,x,x,x,x,x,256540.0
Russian Federation,1995,x,x,x,x,x,x,x,x,x,x,238019.0
Russian Federation,1996,x,x,x,x,x,x,x,x,x,x,209531.0
Russian Federation,1997,x,x,x,x,x,x,x,x,x,x,195959.0
Russian Federation,1998,x,x,x,x,x,x,x,x,x,x,189012.0
Russian Federation,1999,x,x,x,x,x,x,x,x,x,x,167765.0
Russian Federation,2000,x,x,x,x,x,x,x,x,x,x,162997.0
Russian Federation,2001,x,x,x,x,x,x,x,x,x,x,165600.0
Russian Federation,2002,x,x,x,x,x,x,x,x,x,x,169919.0
Russian Federation,2003,x,x,x,x,x,x,x,x,x,x,170308.0
Russian Federation,2004,x,x,x,x,x,x,x,x,x,x,171940.0
Runion,1985,x,x,x,x,x,x,x,x,x,x,1847.0
Runion,1986,x,x,x,x,x,x,x,x,x,x,1665.0
Runion,1989,x,x,x,x,x,x,x,x,x,x,1384.0
Runion,1993,x,x,x,x,x,x,x,x,x,x,1541.0
Runion,1994,x,x,x,x,x,x,x,x,x,x,1187.0
Runion,1995,x,x,x,x,x,x,x,x,x,x,1211.0
Runion,1996,x,x,x,x,x,x,x,x,x,x,1103.0
Runion,1997,x,x,x,x,x,x,x,x,x,x,728.0
Runion,1998,x,x,x,x,x,x,x,x,x,x,2252.0
Runion,1999,x,x,x,x,x,x,x,x,x,x,1123.0
Runion,2000,x,x,x,x,x,x,x,x,x,x,1217.0
Runion,2001,x,x,x,x,x,x,x,x,x,x,1303.0
Runion,2002,x,x,x,x,x,x,x,x,x,x,1327.0
Runion,2003,x,x,x,x,x,x,x,x,x,x,1241.0
Runion,2005,x,x,x,x,x,x,x,x,x,x,1571.0
Saint Helena ex. dep.,1997,x,x,x,x,x,x,x,x,x,x,9.0
Saint Helena ex. dep.,1998,x,x,x,x,x,x,x,x,x,x,11.0
Saint Helena ex. dep.,1999,x,x,x,x,x,x,x,x,x,x,6.0
Saint Helena ex. dep.,2000,x,x,x,x,x,x,x,x,x,x,7.0
Saint Kitts and Nevis,1985,x,x,x,x,x,x,x,x,x,x,217.0
Saint Kitts and Nevis,1986,x,x,x,x,x,x,x,x,x,x,235.0
Saint Kitts and Nevis,1987,x,x,x,x,x,x,x,x,x,x,180.0
Saint Kitts and Nevis,1988,x,x,x,x,x,x,x,x,x,x,183.0
Saint Kitts and Nevis,1989,x,x,x,x,x,x,x,x,x,x,201.0
Saint Kitts and Nevis,1990,x,x,x,x,x,x,x,x,x,x,165.0
Saint Kitts and Nevis,1991,x,x,x,x,x,x,x,x,x,x,163.0
Saint Kitts and Nevis,1992,x,x,x,x,x,x,x,x,x,x,166.0
Saint Kitts and Nevis,1993,x,x,x,x,x,x,x,x,x,x,144.0
Saint Kitts and Nevis,1994,x,x,x,x,x,x,x,x,x,x,166.0
Saint Kitts and Nevis,1995,x,x,x,x,x,x,x,x,x,x,133.0
Saint Kitts and Nevis,1996,x,x,x,x,x,x,x,x,x,x,153.0
Saint Kitts and Nevis,1999,x,x,x,x,x,x,x,x,x,x,153.0
Saint Kitts and Nevis,2000,x,x,x,x,x,x,x,x,x,x,160.0
Saint Kitts and Nevis,2001,x,x,x,x,x,x,x,x,x,x,164.0
Saint Lucia,1985,x,x,x,x,x,x,x,x,x,x,1083.0
Saint Lucia,1986,x,x,x,x,x,x,x,x,x,x,970.0
Saint Lucia,1994,x,x,x,x,x,x,x,x,x,x,647.0
Saint Lucia,1995,x,x,x,x,x,x,x,x,x,x,662.0
Saint Lucia,1996,x,x,x,x,x,x,x,x,x,x,520.0
Saint Lucia,1997,x,x,x,x,x,x,x,x,x,x,559.0
Saint Lucia,1998,x,x,x,x,x,x,x,x,x,x,474.0
Saint Lucia,1999,x,x,x,x,x,x,x,x,x,x,474.0
Saint Lucia,2000,x,x,x,x,x,x,x,x,x,x,483.0
Saint Lucia,2001,x,x,x,x,x,x,x,x,x,x,564.0
Saint Lucia,2002,x,x,x,x,x,x,x,x,x,x,455.0
Saint Lucia,2004,x,x,x,x,x,x,x,x,x,x,444.0
Saint Lucia,2005,x,x,x,x,x,x,x,x,x,x,380.0
Saint Vincent and the Grenadines,1986,x,x,x,x,x,x,x,x,x,x,674.0
Saint Vincent and the Grenadines,1988,x,x,x,x,x,x,x,x,x,x,636.0
Saint Vincent and the Grenadines,1992,x,x,x,x,x,x,x,x,x,x,592.0
Saint Vincent and the Grenadines,1993,x,x,x,x,x,x,x,x,x,x,572.0
Saint Vincent and the Grenadines,1994,x,x,x,x,x,x,x,x,x,x,570.0
Saint Vincent and the Grenadines,1995,x,x,x,x,x,x,x,x,x,x,561.0
Saint Vincent and the Grenadines,1996,x,x,x,x,x,x,x,x,x,x,480.0
Saint Vincent and the Grenadines,1997,x,x,x,x,x,x,x,x,x,x,496.0
Saint Vincent and the Grenadines,1998,x,x,x,x,x,x,x,x,x,x,455.0
Saint Vincent and the Grenadines,1999,x,x,x,x,x,x,x,x,x,x,462.0
Saint Vincent and the Grenadines,2000,x,x,x,x,x,x,x,x,x,x,464.0
Saint Vincent and the Grenadines,2001,x,x,x,x,x,x,x,x,x,x,417.0
Saint Vincent and the Grenadines,2002,x,x,x,x,x,x,x,x,x,x,425.0
Saint Vincent and the Grenadines,2003,x,x,x,x,x,x,x,x,x,x,398.0
San Marino,1985,x,x,x,x,x,x,x,x,x,x,11.0
San Marino,1986,x,x,x,x,x,x,x,x,x,x,9.0
San Marino,1987,x,x,x,x,x,x,x,x,x,x,10.0
San Marino,1988,x,x,x,x,x,x,x,x,x,x,7.0
San Marino,1989,x,x,x,x,x,x,x,x,x,x,7.0
San Marino,1992,x,x,x,x,x,x,x,x,x,x,3.0
San Marino,1993,x,x,x,x,x,x,x,x,x,x,1.0
San Marino,1994,x,x,x,x,x,x,x,x,x,x,3.0
San Marino,1995,x,x,x,x,x,x,x,x,x,x,3.0
San Marino,1997,x,x,x,x,x,x,x,x,x,x,2.0
San Marino,1998,x,x,x,x,x,x,x,x,x,x,1.0
San Marino,1999,x,x,x,x,x,x,x,x,x,x,4.0
San Marino,2003,x,x,x,x,x,x,x,x,x,x,5.0
San Marino,2004,x,x,x,x,x,x,x,x,x,x,1.0
Serbia,2005,x,x,x,x,x,x,x,x,x,x,5288.0
Seychelles,1985,x,x,x,x,x,x,x,x,x,x,285.0
Seychelles,1986,x,x,x,x,x,x,x,x,x,x,292.0
Seychelles,1987,x,x,x,x,x,x,x,x,x,x,243.0
Seychelles,1990,x,x,x,x,x,x,x,x,x,x,220.0
Seychelles,1993,x,x,x,x,x,x,x,x,x,x,274.0
Singapore,1985,x,x,x,x,x,x,x,x,x,x,1114.0
Singapore,1986,x,x,x,x,x,x,x,x,x,x,956.0
Singapore,1987,x,x,x,x,x,x,x,x,x,x,872.0
Singapore,1988,x,x,x,x,x,x,x,x,x,x,819.0
Singapore,1989,x,x,x,x,x,x,x,x,x,x,815.0
Singapore,1990,x,x,x,x,x,x,x,x,x,x,944.0
Singapore,1991,x,x,x,x,x,x,x,x,x,x,928.0
Singapore,1992,x,x,x,x,x,x,x,x,x,x,848.0
Singapore,1993,x,x,x,x,x,x,x,x,x,x,844.0
Singapore,1994,x,x,x,x,x,x,x,x,x,x,737.0
Singapore,1995,x,x,x,x,x,x,x,x,x,x,657.0
Singapore,1996,x,x,x,x,x,x,x,x,x,x,697.0
Singapore,1997,x,x,x,x,x,x,x,x,x,x,704.0
Singapore,1998,x,x,x,x,x,x,x,x,x,x,793.0
Singapore,1999,x,x,x,x,x,x,x,x,x,x,873.0
Singapore,2000,x,x,x,x,x,x,x,x,x,x,953.0
Singapore,2001,x,x,x,x,x,x,x,x,x,x,891.0
Singapore,2002,x,x,x,x,x,x,x,x,x,x,842.0
Singapore,2003,x,x,x,x,x,x,x,x,x,x,731.0
Singapore,2004,x,x,x,x,x,x,x,x,x,x,781.0
Singapore,2005,x,x,x,x,x,x,x,x,x,x,853.0
Slovakia,1988,x,x,x,x,x,x,x,x,x,x,9477.0
Slovakia,1989,x,x,x,x,x,x,x,x,x,x,9533.0
Slovakia,1990,x,x,x,x,x,x,x,x,x,x,9638.0
Slovakia,1991,x,x,x,x,x,x,x,x,x,x,11002.0
Slovakia,1992,x,x,x,x,x,x,x,x,x,x,10706.0
Slovakia,1993,x,x,x,x,x,x,x,x,x,x,10506.0
Slovakia,1994,x,x,x,x,x,x,x,x,x,x,8915.0
Slovakia,1995,x,x,x,x,x,x,x,x,x,x,7554.0
Slovakia,1997,x,x,x,x,x,x,x,x,x,x,6523.0
Slovakia,1998,x,x,x,x,x,x,x,x,x,x,6044.0
Slovakia,1999,x,x,x,x,x,x,x,x,x,x,5665.0
Slovakia,2001,x,x,x,x,x,x,x,x,x,x,4642.0
Slovakia,2002,x,x,x,x,x,x,x,x,x,x,4580.0
Slovakia,2004,x,x,x,x,x,x,x,x,x,x,4229.0
Slovakia,2005,x,x,x,x,x,x,x,x,x,x,4115.0
Slovenia,1987,x,x,x,x,x,x,x,x,x,x,2427.0
Slovenia,1988,x,x,x,x,x,x,x,x,x,x,2230.0
Slovenia,1989,x,x,x,x,x,x,x,x,x,x,1912.0
Slovenia,1990,x,x,x,x,x,x,x,x,x,x,1747.0
Slovenia,1991,x,x,x,x,x,x,x,x,x,x,1520.0
Slovenia,1992,x,x,x,x,x,x,x,x,x,x,1405.0
Slovenia,1993,x,x,x,x,x,x,x,x,x,x,1173.0
Slovenia,1994,x,x,x,x,x,x,x,x,x,x,1044.0
Slovenia,1995,x,x,x,x,x,x,x,x,x,x,975.0
Slovenia,1996,x,x,x,x,x,x,x,x,x,x,809.0
Slovenia,1998,x,x,x,x,x,x,x,x,x,x,605.0
Slovenia,1999,x,x,x,x,x,x,x,x,x,x,549.0
Slovenia,2000,x,x,x,x,x,x,x,x,x,x,512.0
Slovenia,2001,x,x,x,x,x,x,x,x,x,x,442.0
Slovenia,2002,x,x,x,x,x,x,x,x,x,x,387.0
Slovenia,2003,x,x,x,x,x,x,x,x,x,x,368.0
Slovenia,2004,x,x,x,x,x,x,x,x,x,x,329.0
Slovenia,2005,x,x,x,x,x,x,x,x,x,x,372.0
Spain,1986,x,x,x,x,x,x,x,x,x,x,26731.0
Spain,1987,x,x,x,x,x,x,x,x,x,x,25435.0
Spain,1988,x,x,x,x,x,x,x,x,x,x,24446.0
Spain,1989,x,x,x,x,x,x,x,x,x,x,21349.0
Spain,1990,x,x,x,x,x,x,x,x,x,x,19284.0
Spain,1991,x,x,x,x,x,x,x,x,x,x,17875.0
Spain,1992,x,x,x,x,x,x,x,x,x,x,16347.0
Spain,1993,x,x,x,x,x,x,x,x,x,x,14783.0
Spain,1994,x,x,x,x,x,x,x,x,x,x,13140.0
Spain,1995,x,x,x,x,x,x,x,x,x,x,11981.0
Spain,1996,x,x,x,x,x,x,x,x,x,x,11174.0
Spain,1997,x,x,x,x,x,x,x,x,x,x,11264.0
Spain,1998,x,x,x,x,x,x,x,x,x,x,10901.0
Sri Lanka,1985,x,x,x,x,x,x,x,x,x,x,29754.0
Sri Lanka,1986,x,x,x,x,x,x,x,x,x,x,28866.0
Sri Lanka,1987,x,x,x,x,x,x,x,x,x,x,28038.0
Sri Lanka,1988,x,x,x,x,x,x,x,x,x,x,25817.0
Sri Lanka,1989,x,x,x,x,x,x,x,x,x,x,28569.0
Sri Lanka,1991,x,x,x,x,x,x,x,x,x,x,26201.0
Sri Lanka,1995,x,x,x,x,x,x,x,x,x,x,28495.0
Sri Lanka,1996,x,x,x,x,x,x,x,x,x,x,28410.0
Sri Lanka,2001,x,x,x,x,x,x,x,x,x,x,27633.0
Suriname,1985,x,x,x,x,x,x,x,x,x,x,1899.0
Suriname,1986,x,x,x,x,x,x,x,x,x,x,1711.0
Suriname,1988,x,x,x,x,x,x,x,x,x,x,1500.0
Suriname,1989,x,x,x,x,x,x,x,x,x,x,1755.0
Suriname,1990,x,x,x,x,x,x,x,x,x,x,1634.0
Suriname,1991,x,x,x,x,x,x,x,x,x,x,1553.0
Suriname,1992,x,x,x,x,x,x,x,x,x,x,1701.0
Suriname,1993,x,x,x,x,x,x,x,x,x,x,1854.0
Suriname,1994,x,x,x,x,x,x,x,x,x,x,1468.0
Suriname,1995,x,x,x,x,x,x,x,x,x,x,1438.0
Suriname,1996,x,x,x,x,x,x,x,x,x,x,1561.0
Suriname,1997,x,x,x,x,x,x,x,x,x,x,1858.0
Suriname,1998,x,x,x,x,x,x,x,x,x,x,1526.0
Suriname,1999,x,x,x,x,x,x,x,x,x,x,1466.0
Suriname,2000,x,x,x,x,x,x,x,x,x,x,1547.0
Suriname,2001,x,x,x,x,x,x,x,x,x,x,1679.0
Suriname,2002,x,x,x,x,x,x,x,x,x,x,1729.0
Suriname,2003,x,x,x,x,x,x,x,x,x,x,1511.0
Suriname,2004,x,x,x,x,x,x,x,x,x,x,1526.0
Suriname,2005,x,x,x,x,x,x,x,x,x,x,1435.0
Sweden,1985,x,x,x,x,x,x,x,x,x,x,3137.0
Sweden,1986,x,x,x,x,x,x,x,x,x,x,3171.0
Sweden,1987,x,x,x,x,x,x,x,x,x,x,3000.0
Sweden,1988,x,x,x,x,x,x,x,x,x,x,3114.0
Sweden,1989,x,x,x,x,x,x,x,x,x,x,3483.0
Sweden,1990,x,x,x,x,x,x,x,x,x,x,3877.0
Sweden,1991,x,x,x,x,x,x,x,x,x,x,3564.0
Sweden,1992,x,x,x,x,x,x,x,x,x,x,3148.0
Sweden,1993,x,x,x,x,x,x,x,x,x,x,2850.0
Sweden,1994,x,x,x,x,x,x,x,x,x,x,2416.0
Sweden,1995,x,x,x,x,x,x,x,x,x,x,2138.0
Sweden,1996,x,x,x,x,x,x,x,x,x,x,1905.0
Sweden,1997,x,x,x,x,x,x,x,x,x,x,1226.0
Sweden,1998,x,x,x,x,x,x,x,x,x,x,1146.0
Sweden,1999,x,x,x,x,x,x,x,x,x,x,1210.0
Sweden,2001,x,x,x,x,x,x,x,x,x,x,1656.0
Sweden,2002,x,x,x,x,x,x,x,x,x,x,1691.0
Sweden,2004,x,x,x,x,x,x,x,x,x,x,1604.0
Sweden,2005,x,x,x,x,x,x,x,x,x,x,1681.0
Switzerland,1985,x,x,x,x,x,x,x,x,x,x,1568.0
Switzerland,1986,x,x,x,x,x,x,x,x,x,x,1502.0
Switzerland,1987,x,x,x,x,x,x,x,x,x,x,1373.0
Switzerland,1988,x,x,x,x,x,x,x,x,x,x,1465.0
Switzerland,1989,x,x,x,x,x,x,x,x,x,x,1425.0
Switzerland,1990,x,x,x,x,x,x,x,x,x,x,1438.0
Switzerland,1991,x,x,x,x,x,x,x,x,x,x,1606.0
Switzerland,1992,x,x,x,x,x,x,x,x,x,x,1432.0
Switzerland,1993,x,x,x,x,x,x,x,x,x,x,1306.0
Switzerland,1994,x,x,x,x,x,x,x,x,x,x,1150.0
Switzerland,1995,x,x,x,x,x,x,x,x,x,x,1068.0
Switzerland,1996,x,x,x,x,x,x,x,x,x,x,1103.0
Switzerland,1997,x,x,x,x,x,x,x,x,x,x,1101.0
Switzerland,1998,x,x,x,x,x,x,x,x,x,x,1106.0
Switzerland,1999,x,x,x,x,x,x,x,x,x,x,1185.0
Switzerland,2000,x,x,x,x,x,x,x,x,x,x,1208.0
Switzerland,2001,x,x,x,x,x,x,x,x,x,x,1146.0
Switzerland,2002,x,x,x,x,x,x,x,x,x,x,1105.0
Switzerland,2003,x,x,x,x,x,x,x,x,x,x,1086.0
Switzerland,2004,x,x,x,x,x,x,x,x,x,x,1084.0
Switzerland,2005,x,x,x,x,x,x,x,x,x,x,1091.0
TFYR of Macedonia,1989,x,x,x,x,x,x,x,x,x,x,3979.0
TFYR of Macedonia,1990,x,x,x,x,x,x,x,x,x,x,3840.0
TFYR of Macedonia,1991,x,x,x,x,x,x,x,x,x,x,3641.0
TFYR of Macedonia,1992,x,x,x,x,x,x,x,x,x,x,3447.0
TFYR of Macedonia,1993,x,x,x,x,x,x,x,x,x,x,3711.0
TFYR of Macedonia,1994,x,x,x,x,x,x,x,x,x,x,3634.0
TFYR of Macedonia,1995,x,x,x,x,x,x,x,x,x,x,3546.0
TFYR of Macedonia,1996,x,x,x,x,x,x,x,x,x,x,3134.0
TFYR of Macedonia,1997,x,x,x,x,x,x,x,x,x,x,2965.0
TFYR of Macedonia,1999,x,x,x,x,x,x,x,x,x,x,2514.0
TFYR of Macedonia,2000,x,x,x,x,x,x,x,x,x,x,2593.0
TFYR of Macedonia,2001,x,x,x,x,x,x,x,x,x,x,2202.0
TFYR of Macedonia,2002,x,x,x,x,x,x,x,x,x,x,2097.0
TFYR of Macedonia,2003,x,x,x,x,x,x,x,x,x,x,2050.0
TFYR of Macedonia,2004,x,x,x,x,x,x,x,x,x,x,1844.0
TFYR of Macedonia,2005,x,x,x,x,x,x,x,x,x,x,1743.0
Tajikistan,1989,x,x,x,x,x,x,x,x,x,x,10214.0
Tajikistan,1990,x,x,x,x,x,x,x,x,x,x,10885.0
Tajikistan,1991,x,x,x,x,x,x,x,x,x,x,12604.0
Tajikistan,1992,x,x,x,x,x,x,x,x,x,x,11329.0
Tajikistan,1993,x,x,x,x,x,x,x,x,x,x,14860.0
Tajikistan,1994,x,x,x,x,x,x,x,x,x,x,15886.0
Timor-Leste,2004,x,x,x,x,x,x,x,x,x,x,1999.0
Tonga,1990,x,x,x,x,x,x,x,x,x,x,131.0
Tonga,1993,x,x,x,x,x,x,x,x,x,x,114.0
Tonga,1994,x,x,x,x,x,x,x,x,x,x,86.0
Tonga,1995,x,x,x,x,x,x,x,x,x,x,107.0
Tonga,1996,x,x,x,x,x,x,x,x,x,x,100.0
Tonga,1997,x,x,x,x,x,x,x,x,x,x,95.0
Tonga,1998,x,x,x,x,x,x,x,x,x,x,115.0
Tonga,1999,x,x,x,x,x,x,x,x,x,x,149.0
Tonga,2000,x,x,x,x,x,x,x,x,x,x,103.0
Tonga,2002,x,x,x,x,x,x,x,x,x,x,111.0
Tonga,2003,x,x,x,x,x,x,x,x,x,x,94.0
Trinidad and Tobago,1985,x,x,x,x,x,x,x,x,x,x,4868.0
Trinidad and Tobago,1986,x,x,x,x,x,x,x,x,x,x,4333.0
Trinidad and Tobago,1987,x,x,x,x,x,x,x,x,x,x,3816.0
Trinidad and Tobago,1988,x,x,x,x,x,x,x,x,x,x,3468.0
Trinidad and Tobago,1989,x,x,x,x,x,x,x,x,x,x,3494.0
Trinidad and Tobago,1990,x,x,x,x,x,x,x,x,x,x,3400.0
Trinidad and Tobago,1991,x,x,x,x,x,x,x,x,x,x,3276.0
Trinidad and Tobago,1992,x,x,x,x,x,x,x,x,x,x,3339.0
Trinidad and Tobago,1993,x,x,x,x,x,x,x,x,x,x,2977.0
Trinidad and Tobago,1994,x,x,x,x,x,x,x,x,x,x,2650.0
Trinidad and Tobago,1995,x,x,x,x,x,x,x,x,x,x,2637.0
Trinidad and Tobago,1997,x,x,x,x,x,x,x,x,x,x,2625.0
Trinidad and Tobago,2002,x,x,x,x,x,x,x,x,x,x,2405.0
Trinidad and Tobago,2004,x,x,x,x,x,x,x,x,x,x,2310.0
Trinidad and Tobago,2005,x,x,x,x,x,x,x,x,x,x,2014.0
Tunisia,1985,x,x,x,x,x,x,x,x,x,x,10940.0
Tunisia,1986,x,x,x,x,x,x,x,x,x,x,9942.0
Tunisia,1987,x,x,x,x,x,x,x,x,x,x,8508.0
Tunisia,1988,x,x,x,x,x,x,x,x,x,x,7647.0
Tunisia,1989,x,x,x,x,x,x,x,x,x,x,6265.0
Tunisia,1992,x,x,x,x,x,x,x,x,x,x,7015.0
Tunisia,1993,x,x,x,x,x,x,x,x,x,x,7121.0
Tunisia,1994,x,x,x,x,x,x,x,x,x,x,6155.0
Tunisia,1995,x,x,x,x,x,x,x,x,x,x,5489.0
Tunisia,1997,x,x,x,x,x,x,x,x,x,x,4091.0
Tunisia,1998,x,x,x,x,x,x,x,x,x,x,3650.0
Turkmenistan,1989,x,x,x,x,x,x,x,x,x,x,3987.0
Turks and Caicos Islands,2001,x,x,x,x,x,x,x,x,x,x,27.0
Turks and Caicos Islands,2002,x,x,x,x,x,x,x,x,x,x,15.0
Turks and Caicos Islands,2003,x,x,x,x,x,x,x,x,x,x,23.0
Turks and Caicos Islands,2004,x,x,x,x,x,x,x,x,x,x,28.0
Turks and Caicos Islands,2005,x,x,x,x,x,x,x,x,x,x,29.0
Ukraine,1987,x,x,x,x,x,x,x,x,x,x,89781.0
Ukraine,1988,x,x,x,x,x,x,x,x,x,x,94266.0
Ukraine,1989,x,x,x,x,x,x,x,x,x,x,97661.0
Ukraine,1990,x,x,x,x,x,x,x,x,x,x,106002.0
Ukraine,1991,x,x,x,x,x,x,x,x,x,x,109174.0
Ukraine,1992,x,x,x,x,x,x,x,x,x,x,109379.0
Ukraine,1993,x,x,x,x,x,x,x,x,x,x,105126.0
Ukraine,1994,x,x,x,x,x,x,x,x,x,x,101863.0
Ukraine,1995,x,x,x,x,x,x,x,x,x,x,97874.0
Ukraine,1996,x,x,x,x,x,x,x,x,x,x,90962.0
Ukraine,1998,x,x,x,x,x,x,x,x,x,x,74486.0
Ukraine,2001,x,x,x,x,x,x,x,x,x,x,55008.0
Ukraine,2002,x,x,x,x,x,x,x,x,x,x,55548.0
Ukraine,2003,x,x,x,x,x,x,x,x,x,x,54428.0
Ukraine,2004,x,x,x,x,x,x,x,x,x,x,54010.0
United Kingdom of Great Britain and Northern Ireland,1985,x,x,x,x,x,x,x,x,x,x,65435.0
United Kingdom of Great Britain and Northern Ireland,1986,x,x,x,x,x,x,x,x,x,x,65892.0
United Kingdom of Great Britain and Northern Ireland,1987,x,x,x,x,x,x,x,x,x,x,65951.0
United Kingdom of Great Britain and Northern Ireland,1988,x,x,x,x,x,x,x,x,x,x,66961.0
United Kingdom of Great Britain and Northern Ireland,1989,x,x,x,x,x,x,x,x,x,x,63173.0
United Kingdom of Great Britain and Northern Ireland,1990,x,x,x,x,x,x,x,x,x,x,63008.0
United Kingdom of Great Britain and Northern Ireland,1991,x,x,x,x,x,x,x,x,x,x,59717.0
United Kingdom of Great Britain and Northern Ireland,1992,x,x,x,x,x,x,x,x,x,x,54936.0
United Kingdom of Great Britain and Northern Ireland,1993,x,x,x,x,x,x,x,x,x,x,51467.0
United Kingdom of Great Britain and Northern Ireland,1994,x,x,x,x,x,x,x,x,x,x,47878.0
United Kingdom of Great Britain and Northern Ireland,1995,x,x,x,x,x,x,x,x,x,x,47652.0
United Kingdom of Great Britain and Northern Ireland,1996,x,x,x,x,x,x,x,x,x,x,50797.0
United Kingdom of Great Britain and Northern Ireland,1997,x,x,x,x,x,x,x,x,x,x,52851.0
United Kingdom of Great Britain and Northern Ireland,1998,x,x,x,x,x,x,x,x,x,x,54822.0
United Kingdom of Great Britain and Northern Ireland,1999,x,x,x,x,x,x,x,x,x,x,54921.0
United Kingdom of Great Britain and Northern Ireland,2000,x,x,x,x,x,x,x,x,x,x,52059.0
United Kingdom of Great Britain and Northern Ireland,2001,x,x,x,x,x,x,x,x,x,x,50157.0
United Kingdom of Great Britain and Northern Ireland,2002,x,x,x,x,x,x,x,x,x,x,49164.0
United Kingdom of Great Britain and Northern Ireland,2003,x,x,x,x,x,x,x,x,x,x,242.0
United Kingdom of Great Britain and Northern Ireland,2004,x,x,x,x,x,x,x,x,x,x,50525.0
United States Virgin Islands,1985,x,x,x,x,x,x,x,x,x,x,427.0
United States Virgin Islands,1986,x,x,x,x,x,x,x,x,x,x,378.0
United States Virgin Islands,1987,x,x,x,x,x,x,x,x,x,x,414.0
United States Virgin Islands,1988,x,x,x,x,x,x,x,x,x,x,414.0
United States Virgin Islands,1989,x,x,x,x,x,x,x,x,x,x,388.0
United States Virgin Islands,1990,x,x,x,x,x,x,x,x,x,x,374.0
United States Virgin Islands,1991,x,x,x,x,x,x,x,x,x,x,385.0
United States Virgin Islands,1992,x,x,x,x,x,x,x,x,x,x,393.0
United States Virgin Islands,1993,x,x,x,x,x,x,x,x,x,x,422.0
United States Virgin Islands,1994,x,x,x,x,x,x,x,x,x,x,384.0
United States Virgin Islands,1995,x,x,x,x,x,x,x,x,x,x,340.0
United States Virgin Islands,1996,x,x,x,x,x,x,x,x,x,x,296.0
United States Virgin Islands,1997,x,x,x,x,x,x,x,x,x,x,354.0
United States Virgin Islands,2005,x,x,x,x,x,x,x,x,x,x,219.0
United States of America,1985,x,x,x,x,x,x,x,x,x,x,477705.0
United States of America,1986,x,x,x,x,x,x,x,x,x,x,472081.0
United States of America,1987,x,x,x,x,x,x,x,x,x,x,472623.0
United States of America,1988,x,x,x,x,x,x,x,x,x,x,488941.0
United States of America,1989,x,x,x,x,x,x,x,x,x,x,517989.0
United States of America,1991,x,x,x,x,x,x,x,x,x,x,531591.0
United States of America,1993,x,x,x,x,x,x,x,x,x,x,513647.0
United States of America,1994,x,x,x,x,x,x,x,x,x,x,518389.0
United States of America,1995,x,x,x,x,x,x,x,x,x,x,512115.0
United States of America,1996,x,x,x,x,x,x,x,x,x,x,502725.0
United States of America,1997,x,x,x,x,x,x,x,x,x,x,493341.0
United States of America,1998,x,x,x,x,x,x,x,x,x,x,494357.0
United States of America,1999,x,x,x,x,x,x,x,x,x,x,485104.0
United States of America,2000,x,x,x,x,x,x,x,x,x,x,477509.0
United States of America,2001,x,x,x,x,x,x,x,x,x,x,453725.0
United States of America,2002,x,x,x,x,x,x,x,x,x,x,432808.0
United States of America,2003,x,x,x,x,x,x,x,x,x,x,414580.0
United States of America,2004,x,x,x,x,x,x,x,x,x,x,422043.0
United States of America,2005,x,x,x,x,x,x,x,x,x,x,421000.0
Uruguay,1985,x,x,x,x,x,x,x,x,x,x,6588.0
Uruguay,1986,x,x,x,x,x,x,x,x,x,x,6828.0
Uruguay,1987,x,x,x,x,x,x,x,x,x,x,7308.0
Uruguay,1988,x,x,x,x,x,x,x,x,x,x,7885.0
Uruguay,1993,x,x,x,x,x,x,x,x,x,x,8703.0
Uruguay,1996,x,x,x,x,x,x,x,x,x,x,9734.0
Uruguay,1997,x,x,x,x,x,x,x,x,x,x,9794.0
Uruguay,1998,x,x,x,x,x,x,x,x,x,x,7974.0
Uruguay,1999,x,x,x,x,x,x,x,x,x,x,8875.0
Uruguay,2000,x,x,x,x,x,x,x,x,x,x,8475.0
Uruguay,2001,x,x,x,x,x,x,x,x,x,x,8561.0
Uruguay,2002,x,x,x,x,x,x,x,x,x,x,8433.0
Uruguay,2004,x,x,x,x,x,x,x,x,x,x,7611.0
Uruguay,2005,x,x,x,x,x,x,x,x,x,x,7764.0
Uzbekistan,1989,x,x,x,x,x,x,x,x,x,x,42133.0
Uzbekistan,1993,x,x,x,x,x,x,x,x,x,x,73837.0
Uzbekistan,1994,x,x,x,x,x,x,x,x,x,x,71906.0
Uzbekistan,1995,x,x,x,x,x,x,x,x,x,x,67259.0
Uzbekistan,1996,x,x,x,x,x,x,x,x,x,x,65885.0
Uzbekistan,1997,x,x,x,x,x,x,x,x,x,x,58847.0
Uzbekistan,1999,x,x,x,x,x,x,x,x,x,x,34091.0
Uzbekistan,2000,x,x,x,x,x,x,x,x,x,x,28179.0
Venezuela (Bolivarian Republic of),1985,x,x,x,x,x,x,x,x,x,x,79569.0
Venezuela (Bolivarian Republic of),1986,x,x,x,x,x,x,x,x,x,x,93445.0
Venezuela (Bolivarian Republic of),1987,x,x,x,x,x,x,x,x,x,x,94972.0
Venezuela (Bolivarian Republic of),1988,x,x,x,x,x,x,x,x,x,x,97062.0
Venezuela (Bolivarian Republic of),1989,x,x,x,x,x,x,x,x,x,x,95928.0
Venezuela (Bolivarian Republic of),1990,x,x,x,x,x,x,x,x,x,x,105128.0
Venezuela (Bolivarian Republic of),1991,x,x,x,x,x,x,x,x,x,x,108734.0
Venezuela (Bolivarian Republic of),1992,x,x,x,x,x,x,x,x,x,x,103643.0
Venezuela (Bolivarian Republic of),1993,x,x,x,x,x,x,x,x,x,x,100118.0
Venezuela (Bolivarian Republic of),1994,x,x,x,x,x,x,x,x,x,x,107694.0
Venezuela (Bolivarian Republic of),1995,x,x,x,x,x,x,x,x,x,x,102445.0
Venezuela (Bolivarian Republic of),1996,x,x,x,x,x,x,x,x,x,x,98899.0
Venezuela (Bolivarian Republic of),1997,x,x,x,x,x,x,x,x,x,x,83208.0
Venezuela (Bolivarian Republic of),1998,x,x,x,x,x,x,x,x,x,x,103880.0
Venezuela (Bolivarian Republic of),1999,x,x,x,x,x,x,x,x,x,x,114974.0
Venezuela (Bolivarian Republic of),2000,x,x,x,x,x,x,x,x,x,x,116516.0
Venezuela (Bolivarian Republic of),2001,x,x,x,x,x,x,x,x,x,x,111769.0
Venezuela (Bolivarian Republic of),2002,x,x,x,x,x,x,x,x,x,x,105210.0
Venezuela (Bolivarian Republic of),2005,x,x,x,x,x,x,x,x,x,x,150093.0
Wallis and Futuna Islands,1996,x,x,x,x,x,x,x,x,x,x,15.0
Wallis and Futuna Islands,1997,x,x,x,x,x,x,x,x,x,x,10.0
Wallis and Futuna Islands,1998,x,x,x,x,x,x,x,x,x,x,11.0
Wallis and Futuna Islands,1999,x,x,x,x,x,x,x,x,x,x,14.0
Wallis and Futuna Islands,2000,x,x,x,x,x,x,x,x,x,x,14.0
Wallis and Futuna Islands,2001,x,x,x,x,x,x,x,x,x,x,8.0
Wallis and Futuna Islands,2002,x,x,x,x,x,x,x,x,x,x,6.0
Wallis and Futuna Islands,2003,x,x,x,x,x,x,x,x,x,x,8.0
Wallis and Futuna Islands,2004,x,x,x,x,x,x,x,x,x,x,11.0
Wallis and Futuna Islands,2005,x,x,x,x,x,x,x,x,x,x,10.0
